Population,Sample,Lon,Lat,BIO1,BIO2,BIO3,BIO4,BIO5,BIO6,BIO7,BIO8,BIO9,BIO10,BIO11,BIO12,BIO13,BIO14,BIO15,BIO16,BIO17,BIO18,BIO19
EWN,EWN01,148.24,-33.07,167,131,45,5614,321,34,287,235,132,239,95,617,69,37,15,174,140,174,140
EWN,EWN03,148.24,-33.07,167,131,45,5614,321,34,287,235,132,239,95,617,69,37,15,174,140,174,140
EWN,EWN04,148.24,-33.07,167,131,45,5614,321,34,287,235,132,239,95,617,69,37,15,174,140,174,140
EWN,EWN05,148.24,-33.07,167,131,45,5614,321,34,287,235,132,239,95,617,69,37,15,174,140,174,140
EWN,EWN06,148.24,-33.07,167,131,45,5614,321,34,287,235,132,239,95,617,69,37,15,174,140,174,140
EWN,EWN07,148.24,-33.07,167,131,45,5614,321,34,287,235,132,239,95,617,69,37,15,174,140,174,140
EWN,EWN08,148.24,-33.07,167,131,45,5614,321,34,287,235,132,239,95,617,69,37,15,174,140,174,140
EWN,EWN09,148.24,-33.07,167,131,45,5614,321,34,287,235,132,239,95,617,69,37,15,174,140,174,140
EWN,EWN10,148.24,-33.07,167,131,45,5614,321,34,287,235,132,239,95,617,69,37,15,174,140,174,140
VMJ,EWV01,143.14,-36.28,151,128,48,4854,302,37,265,118,214,214,90,411,48,24,23,133,74,74,122
VMJ,EWV03,143.14,-36.28,151,128,48,4854,302,37,265,118,214,214,90,411,48,24,23,133,74,74,122
VMJ,EWV05,143.14,-36.28,151,128,48,4854,302,37,265,118,214,214,90,411,48,24,23,133,74,74,122
VMJ,EWV06,143.14,-36.28,151,128,48,4854,302,37,265,118,214,214,90,411,48,24,23,133,74,74,122
VMJ,EWV07,143.14,-36.28,151,128,48,4854,302,37,265,118,214,214,90,411,48,24,23,133,74,74,122
VMJ,EWV08,143.14,-36.28,151,128,48,4854,302,37,265,118,214,214,90,411,48,24,23,133,74,74,122
VMJ,EWV09,143.14,-36.28,151,128,48,4854,302,37,265,118,214,214,90,411,48,24,23,133,74,74,122
NAL,NAL01,147.48,-32.38,177,132,45,5751,330,38,292,245,114,250,102,533,64,30,21,171,108,162,109
NAL,NAL02,147.48,-32.38,177,132,45,5751,330,38,292,245,114,250,102,533,64,30,21,171,108,162,109
NAL,NAL03,147.48,-32.38,177,132,45,5751,330,38,292,245,114,250,102,533,64,30,21,171,108,162,109
NAL,NAL04,147.48,-32.38,177,132,45,5751,330,38,292,245,114,250,102,533,64,30,21,171,108,162,109
NAL,NAL05,147.48,-32.38,177,132,45,5751,330,38,292,245,114,250,102,533,64,30,21,171,108,162,109
NAL,NAL06,147.48,-32.38,177,132,45,5751,330,38,292,245,114,250,102,533,64,30,21,171,108,162,109
NAL,NAL07,147.48,-32.38,177,132,45,5751,330,38,292,245,114,250,102,533,64,30,21,171,108,162,109
NAL,NAL08,147.48,-32.38,177,132,45,5751,330,38,292,245,114,250,102,533,64,30,21,171,108,162,109
NAL,NAL09,147.48,-32.38,177,132,45,5751,330,38,292,245,114,250,102,533,64,30,21,171,108,162,109
NAL,NAL11,147.48,-32.38,177,132,45,5751,330,38,292,245,114,250,102,533,64,30,21,171,108,162,109
NAL,NAL13,147.48,-32.38,177,132,45,5751,330,38,292,245,114,250,102,533,64,30,21,171,108,162,109
NAL,NAL14,147.48,-32.38,177,132,45,5751,330,38,292,245,114,250,102,533,64,30,21,171,108,162,109
NAL,NAL16,147.48,-32.38,177,132,45,5751,330,38,292,245,114,250,102,533,64,30,21,171,108,162,109
NAL,NAL17,147.48,-32.38,177,132,45,5751,330,38,292,245,114,250,102,533,64,30,21,171,108,162,109
NAL,NAL18,147.48,-32.38,177,132,45,5751,330,38,292,245,114,250,102,533,64,30,21,171,108,162,109
NAL,NAL19,147.48,-32.38,177,132,45,5751,330,38,292,245,114,250,102,533,64,30,21,171,108,162,109
NAL,NAL21,147.48,-32.38,177,132,45,5751,330,38,292,245,114,250,102,533,64,30,21,171,108,162,109
NAL,NAL24,147.48,-32.38,177,132,45,5751,330,38,292,245,114,250,102,533,64,30,21,171,108,162,109
NAL,NAL28,147.48,-32.38,177,132,45,5751,330,38,292,245,114,250,102,533,64,30,21,171,108,162,109
NAL,NAL29,147.48,-32.38,177,132,45,5751,330,38,292,245,114,250,102,533,64,30,21,171,108,162,109
NAL,NAL30,147.48,-32.38,177,132,45,5751,330,38,292,245,114,250,102,533,64,30,21,171,108,162,109
NBG,NBG01,148.07,-32.88,174,130,45,5665,326,39,287,241,100,246,100,566,68,32,19,170,119,169,119
NBG,NBG03B,148.07,-32.88,174,130,45,5665,326,39,287,241,100,246,100,566,68,32,19,170,119,169,119
NBG,NBG04,148.07,-32.88,174,130,45,5665,326,39,287,241,100,246,100,566,68,32,19,170,119,169,119
NBG,NBG05B,148.07,-32.88,174,130,45,5665,326,39,287,241,100,246,100,566,68,32,19,170,119,169,119
NBG,NBG06,148.07,-32.88,174,130,45,5665,326,39,287,241,100,246,100,566,68,32,19,170,119,169,119
NBG,NBG07,148.07,-32.88,174,130,45,5665,326,39,287,241,100,246,100,566,68,32,19,170,119,169,119
NBG,NBG08,148.07,-32.88,174,130,45,5665,326,39,287,241,100,246,100,566,68,32,19,170,119,169,119
NBG,NBG09,148.07,-32.88,174,130,45,5665,326,39,287,241,100,246,100,566,68,32,19,170,119,169,119
NBG,NBG10,148.07,-32.88,174,130,45,5665,326,39,287,241,100,246,100,566,68,32,19,170,119,169,119
NBG,NBG11,148.07,-32.88,174,130,45,5665,326,39,287,241,100,246,100,566,68,32,19,170,119,169,119
NBG,NBG12,148.07,-32.88,174,130,45,5665,326,39,287,241,100,246,100,566,68,32,19,170,119,169,119
NBG,NBG13,148.07,-32.88,174,130,45,5665,326,39,287,241,100,246,100,566,68,32,19,170,119,169,119
NBG,NBG14,148.07,-32.88,174,130,45,5665,326,39,287,241,100,246,100,566,68,32,19,170,119,169,119
NBG,NBG15,148.07,-32.88,174,130,45,5665,326,39,287,241,100,246,100,566,68,32,19,170,119,169,119
NBG,NBG16B,148.07,-32.88,174,130,45,5665,326,39,287,241,100,246,100,566,68,32,19,170,119,169,119
NBG,NBG17,148.07,-32.88,174,130,45,5665,326,39,287,241,100,246,100,566,68,32,19,170,119,169,119
NBG,NBG18B,148.07,-32.88,174,130,45,5665,326,39,287,241,100,246,100,566,68,32,19,170,119,169,119
NBG,NBG19B,148.07,-32.88,174,130,45,5665,326,39,287,241,100,246,100,566,68,32,19,170,119,169,119
NBG,NBG20,148.07,-32.88,174,130,45,5665,326,39,287,241,100,246,100,566,68,32,19,170,119,169,119
NBG,NBG21,148.07,-32.88,174,130,45,5665,326,39,287,241,100,246,100,566,68,32,19,170,119,169,119
NBG,NBG22,148.07,-32.88,174,130,45,5665,326,39,287,241,100,246,100,566,68,32,19,170,119,169,119
NBG,NBG23B,148.07,-32.88,174,130,45,5665,326,39,287,241,100,246,100,566,68,32,19,170,119,169,119
NBG,NBG24,148.07,-32.88,174,130,45,5665,326,39,287,241,100,246,100,566,68,32,19,170,119,169,119
NBG,NBG25,148.07,-32.88,174,130,45,5665,326,39,287,241,100,246,100,566,68,32,19,170,119,169,119
NBG,NBG26,148.07,-32.88,174,130,45,5665,326,39,287,241,100,246,100,566,68,32,19,170,119,169,119
NBG,NBG27B,148.07,-32.88,174,130,45,5665,326,39,287,241,100,246,100,566,68,32,19,170,119,169,119
NBG,NBG28,148.07,-32.88,174,130,45,5665,326,39,287,241,100,246,100,566,68,32,19,170,119,169,119
NBG,NBG29,148.07,-32.88,174,130,45,5665,326,39,287,241,100,246,100,566,68,32,19,170,119,169,119
NBG,NBG30,148.07,-32.88,174,130,45,5665,326,39,287,241,100,246,100,566,68,32,19,170,119,169,119
NBJ,NBJ01,147.04,-35.05,161,130,44,5659,321,31,290,122,231,234,89,514,54,33,15,151,108,112,136
NBJ,NBJ02,147.04,-35.05,161,130,44,5659,321,31,290,122,231,234,89,514,54,33,15,151,108,112,136
NBJ,NBJ03,147.04,-35.05,161,130,44,5659,321,31,290,122,231,234,89,514,54,33,15,151,108,112,136
NBJ,NBJ05,147.04,-35.05,161,130,44,5659,321,31,290,122,231,234,89,514,54,33,15,151,108,112,136
NBJ,NBJ06,147.04,-35.05,161,130,44,5659,321,31,290,122,231,234,89,514,54,33,15,151,108,112,136
NBJ,NBJ07,147.04,-35.05,161,130,44,5659,321,31,290,122,231,234,89,514,54,33,15,151,108,112,136
NBJ,NBJ08,147.04,-35.05,161,130,44,5659,321,31,290,122,231,234,89,514,54,33,15,151,108,112,136
NBJ,NBJ09,147.04,-35.05,161,130,44,5659,321,31,290,122,231,234,89,514,54,33,15,151,108,112,136
NBJ,NBJ11,147.04,-35.05,161,130,44,5659,321,31,290,122,231,234,89,514,54,33,15,151,108,112,136
NBJ,NBJ12,147.04,-35.05,161,130,44,5659,321,31,290,122,231,234,89,514,54,33,15,151,108,112,136
NBJ,NBJ13,147.04,-35.05,161,130,44,5659,321,31,290,122,231,234,89,514,54,33,15,151,108,112,136
NBJ,NBJ15,147.04,-35.05,161,130,44,5659,321,31,290,122,231,234,89,514,54,33,15,151,108,112,136
NBJ,NBJ16,147.04,-35.05,161,130,44,5659,321,31,290,122,231,234,89,514,54,33,15,151,108,112,136
NBJ,NBJ17,147.04,-35.05,161,130,44,5659,321,31,290,122,231,234,89,514,54,33,15,151,108,112,136
NBJ,NBJ20,147.04,-35.05,161,130,44,5659,321,31,290,122,231,234,89,514,54,33,15,151,108,112,136
NBJ,NBJ22,147.04,-35.05,161,130,44,5659,321,31,290,122,231,234,89,514,54,33,15,151,108,112,136
NBJ,NBJ24,147.04,-35.05,161,130,44,5659,321,31,290,122,231,234,89,514,54,33,15,151,108,112,136
NBJ,NBJ25,147.04,-35.05,161,130,44,5659,321,31,290,122,231,234,89,514,54,33,15,151,108,112,136
NBJ,NBJ28,147.04,-35.05,161,130,44,5659,321,31,290,122,231,234,89,514,54,33,15,151,108,112,136
NBJ,NBJ29,147.04,-35.05,161,130,44,5659,321,31,290,122,231,234,89,514,54,33,15,151,108,112,136
NBJ,NBJ30,147.04,-35.05,161,130,44,5659,321,31,290,122,231,234,89,514,54,33,15,151,108,112,136
NBY,NBY01,148.25,-33.33,158,135,46,5603,315,25,290,226,123,230,86,693,73,45,14,189,158,187,167
NBY,NBY03,148.25,-33.33,158,135,46,5603,315,25,290,226,123,230,86,693,73,45,14,189,158,187,167
NBY,NBY04,148.25,-33.33,158,135,46,5603,315,25,290,226,123,230,86,693,73,45,14,189,158,187,167
NBY,NBY05,148.25,-33.33,158,135,46,5603,315,25,290,226,123,230,86,693,73,45,14,189,158,187,167
NBY,NBY06,148.25,-33.33,158,135,46,5603,315,25,290,226,123,230,86,693,73,45,14,189,158,187,167
NBY,NBY08,148.25,-33.33,158,135,46,5603,315,25,290,226,123,230,86,693,73,45,14,189,158,187,167
NBY,NBY09,148.25,-33.33,158,135,46,5603,315,25,290,226,123,230,86,693,73,45,14,189,158,187,167
NBY,NBY11,148.25,-33.33,158,135,46,5603,315,25,290,226,123,230,86,693,73,45,14,189,158,187,167
NBY,NBY12,148.25,-33.33,158,135,46,5603,315,25,290,226,123,230,86,693,73,45,14,189,158,187,167
NBY,NBY14,148.25,-33.33,158,135,46,5603,315,25,290,226,123,230,86,693,73,45,14,189,158,187,167
NBY,NBY15,148.25,-33.33,158,135,46,5603,315,25,290,226,123,230,86,693,73,45,14,189,158,187,167
NBY,NBY17,148.25,-33.33,158,135,46,5603,315,25,290,226,123,230,86,693,73,45,14,189,158,187,167
NBY,NBY18,148.25,-33.33,158,135,46,5603,315,25,290,226,123,230,86,693,73,45,14,189,158,187,167
NBY,NBY19,148.25,-33.33,158,135,46,5603,315,25,290,226,123,230,86,693,73,45,14,189,158,187,167
NBY,NBY20,148.25,-33.33,158,135,46,5603,315,25,290,226,123,230,86,693,73,45,14,189,158,187,167
NBY,NBY21,148.25,-33.33,158,135,46,5603,315,25,290,226,123,230,86,693,73,45,14,189,158,187,167
NBY,NBY22,148.25,-33.33,158,135,46,5603,315,25,290,226,123,230,86,693,73,45,14,189,158,187,167
NBY,NBY23,148.25,-33.33,158,135,46,5603,315,25,290,226,123,230,86,693,73,45,14,189,158,187,167
NBY,NBY25,148.25,-33.33,158,135,46,5603,315,25,290,226,123,230,86,693,73,45,14,189,158,187,167
NBY,NBY26,148.25,-33.33,158,135,46,5603,315,25,290,226,123,230,86,693,73,45,14,189,158,187,167
NBY,NBY27,148.25,-33.33,158,135,46,5603,315,25,290,226,123,230,86,693,73,45,14,189,158,187,167
NBY,NBY28,148.25,-33.33,158,135,46,5603,315,25,290,226,123,230,86,693,73,45,14,189,158,187,167
NBY,NBY29,148.25,-33.33,158,135,46,5603,315,25,290,226,123,230,86,693,73,45,14,189,158,187,167
NBY,NBY30,148.25,-33.33,158,135,46,5603,315,25,290,226,123,230,86,693,73,45,14,189,158,187,167
NCB,NCB02B,144.96,-35.5,163,132,46,5326,317,36,281,129,205,231,95,414,43,25,15,120,87,91,110
NCB,NCB03B,144.96,-35.5,163,132,46,5326,317,36,281,129,205,231,95,414,43,25,15,120,87,91,110
NCB,NCB05,144.96,-35.5,163,132,46,5326,317,36,281,129,205,231,95,414,43,25,15,120,87,91,110
NCB,NCB06,144.96,-35.5,163,132,46,5326,317,36,281,129,205,231,95,414,43,25,15,120,87,91,110
NCB,NCB07,144.96,-35.5,163,132,46,5326,317,36,281,129,205,231,95,414,43,25,15,120,87,91,110
NCB,NCB08,144.96,-35.5,163,132,46,5326,317,36,281,129,205,231,95,414,43,25,15,120,87,91,110
NCB,NCB09B,144.96,-35.5,163,132,46,5326,317,36,281,129,205,231,95,414,43,25,15,120,87,91,110
NCB,NCB10,144.96,-35.5,163,132,46,5326,317,36,281,129,205,231,95,414,43,25,15,120,87,91,110
NCB,NCB11,144.96,-35.5,163,132,46,5326,317,36,281,129,205,231,95,414,43,25,15,120,87,91,110
NCB,NCB12,144.96,-35.5,163,132,46,5326,317,36,281,129,205,231,95,414,43,25,15,120,87,91,110
NCB,NCB13,144.96,-35.5,163,132,46,5326,317,36,281,129,205,231,95,414,43,25,15,120,87,91,110
NCB,NCB14,144.96,-35.5,163,132,46,5326,317,36,281,129,205,231,95,414,43,25,15,120,87,91,110
NCB,NCB15,144.96,-35.5,163,132,46,5326,317,36,281,129,205,231,95,414,43,25,15,120,87,91,110
NCB,NCB16,144.96,-35.5,163,132,46,5326,317,36,281,129,205,231,95,414,43,25,15,120,87,91,110
NCB,NCB17,144.96,-35.5,163,132,46,5326,317,36,281,129,205,231,95,414,43,25,15,120,87,91,110
NCB,NCB18,144.96,-35.5,163,132,46,5326,317,36,281,129,205,231,95,414,43,25,15,120,87,91,110
NCB,NCB19B,144.96,-35.5,163,132,46,5326,317,36,281,129,205,231,95,414,43,25,15,120,87,91,110
NCB,NCB20,144.96,-35.5,163,132,46,5326,317,36,281,129,205,231,95,414,43,25,15,120,87,91,110
NCB,NCB21,144.96,-35.5,163,132,46,5326,317,36,281,129,205,231,95,414,43,25,15,120,87,91,110
NCB,NCB22B,144.96,-35.5,163,132,46,5326,317,36,281,129,205,231,95,414,43,25,15,120,87,91,110
NCB,NCB23,144.96,-35.5,163,132,46,5326,317,36,281,129,205,231,95,414,43,25,15,120,87,91,110
NCB,NCB24,144.96,-35.5,163,132,46,5326,317,36,281,129,205,231,95,414,43,25,15,120,87,91,110
NCB,NCB25,144.96,-35.5,163,132,46,5326,317,36,281,129,205,231,95,414,43,25,15,120,87,91,110
NCB,NCB27B,144.96,-35.5,163,132,46,5326,317,36,281,129,205,231,95,414,43,25,15,120,87,91,110
NCB,NCB28,144.96,-35.5,163,132,46,5326,317,36,281,129,205,231,95,414,43,25,15,120,87,91,110
NCB,NCB29,144.96,-35.5,163,132,46,5326,317,36,281,129,205,231,95,414,43,25,15,120,87,91,110
NCB,NCB30B,144.96,-35.5,163,132,46,5326,317,36,281,129,205,231,95,414,43,25,15,120,87,91,110
NCD,NCD02,147.07,-32.91,176,131,44,5804,330,36,294,245,100,250,100,480,53,30,17,141,104,133,104
NCD,NCD03,147.07,-32.91,176,131,44,5804,330,36,294,245,100,250,100,480,53,30,17,141,104,133,104
NCD,NCD04,147.07,-32.91,176,131,44,5804,330,36,294,245,100,250,100,480,53,30,17,141,104,133,104
NCD,NCD07,147.07,-32.91,176,131,44,5804,330,36,294,245,100,250,100,480,53,30,17,141,104,133,104
NCD,NCD08,147.07,-32.91,176,131,44,5804,330,36,294,245,100,250,100,480,53,30,17,141,104,133,104
NCD,NCD10,147.07,-32.91,176,131,44,5804,330,36,294,245,100,250,100,480,53,30,17,141,104,133,104
NCD,NCD11,147.07,-32.91,176,131,44,5804,330,36,294,245,100,250,100,480,53,30,17,141,104,133,104
NCD,NCD13,147.07,-32.91,176,131,44,5804,330,36,294,245,100,250,100,480,53,30,17,141,104,133,104
NCD,NCD16,147.07,-32.91,176,131,44,5804,330,36,294,245,100,250,100,480,53,30,17,141,104,133,104
NCD,NCD18,147.07,-32.91,176,131,44,5804,330,36,294,245,100,250,100,480,53,30,17,141,104,133,104
NCD,NCD19,147.07,-32.91,176,131,44,5804,330,36,294,245,100,250,100,480,53,30,17,141,104,133,104
NCD,NCD20,147.07,-32.91,176,131,44,5804,330,36,294,245,100,250,100,480,53,30,17,141,104,133,104
NCD,NCD21,147.07,-32.91,176,131,44,5804,330,36,294,245,100,250,100,480,53,30,17,141,104,133,104
NCD,NCD22,147.07,-32.91,176,131,44,5804,330,36,294,245,100,250,100,480,53,30,17,141,104,133,104
NCD,NCD23,147.07,-32.91,176,131,44,5804,330,36,294,245,100,250,100,480,53,30,17,141,104,133,104
NCD,NCD25,147.07,-32.91,176,131,44,5804,330,36,294,245,100,250,100,480,53,30,17,141,104,133,104
NCD,NCD26,147.07,-32.91,176,131,44,5804,330,36,294,245,100,250,100,480,53,30,17,141,104,133,104
NCD,NCD27,147.07,-32.91,176,131,44,5804,330,36,294,245,100,250,100,480,53,30,17,141,104,133,104
NCD,NCD29,147.07,-32.91,176,131,44,5804,330,36,294,245,100,250,100,480,53,30,17,141,104,133,104
NCD,NCD30,147.07,-32.91,176,131,44,5804,330,36,294,245,100,250,100,480,53,30,17,141,104,133,104
NCN,NCN01,146.34,-35.74,157,132,45,5548,318,30,288,97,227,229,87,526,56,31,19,155,104,110,148
NCN,NCN02,146.34,-35.74,157,132,45,5548,318,30,288,97,227,229,87,526,56,31,19,155,104,110,148
NCN,NCN04,146.34,-35.74,157,132,45,5548,318,30,288,97,227,229,87,526,56,31,19,155,104,110,148
NCN,NCN08,146.34,-35.74,157,132,45,5548,318,30,288,97,227,229,87,526,56,31,19,155,104,110,148
NCN,NCN09,146.34,-35.74,157,132,45,5548,318,30,288,97,227,229,87,526,56,31,19,155,104,110,148
NCN,NCN10,146.34,-35.74,157,132,45,5548,318,30,288,97,227,229,87,526,56,31,19,155,104,110,148
NCN,NCN11,146.34,-35.74,157,132,45,5548,318,30,288,97,227,229,87,526,56,31,19,155,104,110,148
NCN,NCN12,146.34,-35.74,157,132,45,5548,318,30,288,97,227,229,87,526,56,31,19,155,104,110,148
NCN,NCN13,146.34,-35.74,157,132,45,5548,318,30,288,97,227,229,87,526,56,31,19,155,104,110,148
NCN,NCN14,146.34,-35.74,157,132,45,5548,318,30,288,97,227,229,87,526,56,31,19,155,104,110,148
NCN,NCN15,146.34,-35.74,157,132,45,5548,318,30,288,97,227,229,87,526,56,31,19,155,104,110,148
NCN,NCN16,146.34,-35.74,157,132,45,5548,318,30,288,97,227,229,87,526,56,31,19,155,104,110,148
NCN,NCN17,146.34,-35.74,157,132,45,5548,318,30,288,97,227,229,87,526,56,31,19,155,104,110,148
NCN,NCN18,146.34,-35.74,157,132,45,5548,318,30,288,97,227,229,87,526,56,31,19,155,104,110,148
NCN,NCN20,146.34,-35.74,157,132,45,5548,318,30,288,97,227,229,87,526,56,31,19,155,104,110,148
NCN,NCN21,146.34,-35.74,157,132,45,5548,318,30,288,97,227,229,87,526,56,31,19,155,104,110,148
NCN,NCN22,146.34,-35.74,157,132,45,5548,318,30,288,97,227,229,87,526,56,31,19,155,104,110,148
NCN,NCN24,146.34,-35.74,157,132,45,5548,318,30,288,97,227,229,87,526,56,31,19,155,104,110,148
NCN,NCN25,146.34,-35.74,157,132,45,5548,318,30,288,97,227,229,87,526,56,31,19,155,104,110,148
NCN,NCN26,146.34,-35.74,157,132,45,5548,318,30,288,97,227,229,87,526,56,31,19,155,104,110,148
NCN,NCN27,146.34,-35.74,157,132,45,5548,318,30,288,97,227,229,87,526,56,31,19,155,104,110,148
NCN,NCN28,146.34,-35.74,157,132,45,5548,318,30,288,97,227,229,87,526,56,31,19,155,104,110,148
NCN,NCN29,146.34,-35.74,157,132,45,5548,318,30,288,97,227,229,87,526,56,31,19,155,104,110,148
NCN,NCN30,146.34,-35.74,157,132,45,5548,318,30,288,97,227,229,87,526,56,31,19,155,104,110,148
NCR,NCR01,148.52,-34.09,148,141,47,5542,310,13,297,112,192,220,78,668,69,46,13,191,149,160,172
NCR,NCR02,148.52,-34.09,148,141,47,5542,310,13,297,112,192,220,78,668,69,46,13,191,149,160,172
NCR,NCR07,148.52,-34.09,148,141,47,5542,310,13,297,112,192,220,78,668,69,46,13,191,149,160,172
NCR,NCR08,148.52,-34.09,148,141,47,5542,310,13,297,112,192,220,78,668,69,46,13,191,149,160,172
NCR,NCR15,148.52,-34.09,148,141,47,5542,310,13,297,112,192,220,78,668,69,46,13,191,149,160,172
NCR,NCR16,148.52,-34.09,148,141,47,5542,310,13,297,112,192,220,78,668,69,46,13,191,149,160,172
NCR,NCR19B,148.52,-34.09,148,141,47,5542,310,13,297,112,192,220,78,668,69,46,13,191,149,160,172
NCR,NCR21,148.52,-34.09,148,141,47,5542,310,13,297,112,192,220,78,668,69,46,13,191,149,160,172
NCR,NCR22B,148.52,-34.09,148,141,47,5542,310,13,297,112,192,220,78,668,69,46,13,191,149,160,172
NCR,NCR23,148.52,-34.09,148,141,47,5542,310,13,297,112,192,220,78,668,69,46,13,191,149,160,172
NCR,NCR24,148.52,-34.09,148,141,47,5542,310,13,297,112,192,220,78,668,69,46,13,191,149,160,172
NCR,NCR25,148.52,-34.09,148,141,47,5542,310,13,297,112,192,220,78,668,69,46,13,191,149,160,172
NCR,NCR26,148.52,-34.09,148,141,47,5542,310,13,297,112,192,220,78,668,69,46,13,191,149,160,172
NCR,NCR27,148.52,-34.09,148,141,47,5542,310,13,297,112,192,220,78,668,69,46,13,191,149,160,172
NCR,NCR28,148.52,-34.09,148,141,47,5542,310,13,297,112,192,220,78,668,69,46,13,191,149,160,172
NCR,NCR29,148.52,-34.09,148,141,47,5542,310,13,297,112,192,220,78,668,69,46,13,191,149,160,172
NCR,NCR30,148.52,-34.09,148,141,47,5542,310,13,297,112,192,220,78,668,69,46,13,191,149,160,172
NCR,NCR31B,148.52,-34.09,148,141,47,5542,310,13,297,112,192,220,78,668,69,46,13,191,149,160,172
NCR,NCR32,148.52,-34.09,148,141,47,5542,310,13,297,112,192,220,78,668,69,46,13,191,149,160,172
NCR,NCR33,148.52,-34.09,148,141,47,5542,310,13,297,112,192,220,78,668,69,46,13,191,149,160,172
NCR,NCR34,148.52,-34.09,148,141,47,5542,310,13,297,112,192,220,78,668,69,46,13,191,149,160,172
NCR,NCR35,148.52,-34.09,148,141,47,5542,310,13,297,112,192,220,78,668,69,46,13,191,149,160,172
NCR,NCR36,148.52,-34.09,148,141,47,5542,310,13,297,112,192,220,78,668,69,46,13,191,149,160,172
NCR,NCR37B,148.52,-34.09,148,141,47,5542,310,13,297,112,192,220,78,668,69,46,13,191,149,160,172
NCR,NCR38B,148.52,-34.09,148,141,47,5542,310,13,297,112,192,220,78,668,69,46,13,191,149,160,172
NCR,NCR39,148.52,-34.09,148,141,47,5542,310,13,297,112,192,220,78,668,69,46,13,191,149,160,172
NDU,NDU02,148.51,-32.33,170,135,46,5621,321,29,292,236,97,241,97,656,74,41,17,198,144,192,144
NDU,NDU03,148.51,-32.33,170,135,46,5621,321,29,292,236,97,241,97,656,74,41,17,198,144,192,144
NDU,NDU05,148.51,-32.33,170,135,46,5621,321,29,292,236,97,241,97,656,74,41,17,198,144,192,144
NDU,NDU07,148.51,-32.33,170,135,46,5621,321,29,292,236,97,241,97,656,74,41,17,198,144,192,144
NDU,NDU08,148.51,-32.33,170,135,46,5621,321,29,292,236,97,241,97,656,74,41,17,198,144,192,144
NDU,NDU09,148.51,-32.33,170,135,46,5621,321,29,292,236,97,241,97,656,74,41,17,198,144,192,144
NDU,NDU10,148.51,-32.33,170,135,46,5621,321,29,292,236,97,241,97,656,74,41,17,198,144,192,144
NDU,NDU11,148.51,-32.33,170,135,46,5621,321,29,292,236,97,241,97,656,74,41,17,198,144,192,144
NDU,NDU12,148.51,-32.33,170,135,46,5621,321,29,292,236,97,241,97,656,74,41,17,198,144,192,144
NDU,NDU13,148.51,-32.33,170,135,46,5621,321,29,292,236,97,241,97,656,74,41,17,198,144,192,144
NDU,NDU14,148.51,-32.33,170,135,46,5621,321,29,292,236,97,241,97,656,74,41,17,198,144,192,144
NDU,NDU15,148.51,-32.33,170,135,46,5621,321,29,292,236,97,241,97,656,74,41,17,198,144,192,144
NDU,NDU16,148.51,-32.33,170,135,46,5621,321,29,292,236,97,241,97,656,74,41,17,198,144,192,144
NDU,NDU17,148.51,-32.33,170,135,46,5621,321,29,292,236,97,241,97,656,74,41,17,198,144,192,144
NDU,NDU19,148.51,-32.33,170,135,46,5621,321,29,292,236,97,241,97,656,74,41,17,198,144,192,144
NDU,NDU20,148.51,-32.33,170,135,46,5621,321,29,292,236,97,241,97,656,74,41,17,198,144,192,144
NDU,NDU22,148.51,-32.33,170,135,46,5621,321,29,292,236,97,241,97,656,74,41,17,198,144,192,144
NDU,NDU23,148.51,-32.33,170,135,46,5621,321,29,292,236,97,241,97,656,74,41,17,198,144,192,144
NDU,NDU24,148.51,-32.33,170,135,46,5621,321,29,292,236,97,241,97,656,74,41,17,198,144,192,144
NDU,NDU25,148.51,-32.33,170,135,46,5621,321,29,292,236,97,241,97,656,74,41,17,198,144,192,144
NDU,NDU26,148.51,-32.33,170,135,46,5621,321,29,292,236,97,241,97,656,74,41,17,198,144,192,144
NDU,NDU27,148.51,-32.33,170,135,46,5621,321,29,292,236,97,241,97,656,74,41,17,198,144,192,144
NDU,NDU28,148.51,-32.33,170,135,46,5621,321,29,292,236,97,241,97,656,74,41,17,198,144,192,144
NDU,NDU29,148.51,-32.33,170,135,46,5621,321,29,292,236,97,241,97,656,74,41,17,198,144,192,144
NDU,NDU30,148.51,-32.33,170,135,46,5621,321,29,292,236,97,241,97,656,74,41,17,198,144,192,144
NFN,NFN01,145.55,-35.68,161,133,46,5359,317,34,283,126,204,230,93,462,51,26,17,132,95,98,122
NFN,NFN02,145.55,-35.68,161,133,46,5359,317,34,283,126,204,230,93,462,51,26,17,132,95,98,122
NFN,NFN05,145.55,-35.68,161,133,46,5359,317,34,283,126,204,230,93,462,51,26,17,132,95,98,122
NFN,NFN06,145.55,-35.68,161,133,46,5359,317,34,283,126,204,230,93,462,51,26,17,132,95,98,122
NFN,NFN09,145.55,-35.68,161,133,46,5359,317,34,283,126,204,230,93,462,51,26,17,132,95,98,122
NFN,NFN14,145.55,-35.68,161,133,46,5359,317,34,283,126,204,230,93,462,51,26,17,132,95,98,122
NFN,NFN16,145.55,-35.68,161,133,46,5359,317,34,283,126,204,230,93,462,51,26,17,132,95,98,122
NFN,NFN17,145.55,-35.68,161,133,46,5359,317,34,283,126,204,230,93,462,51,26,17,132,95,98,122
NFN,NFN18,145.55,-35.68,161,133,46,5359,317,34,283,126,204,230,93,462,51,26,17,132,95,98,122
NFN,NFN20,145.55,-35.68,161,133,46,5359,317,34,283,126,204,230,93,462,51,26,17,132,95,98,122
NFN,NFN21,145.55,-35.68,161,133,46,5359,317,34,283,126,204,230,93,462,51,26,17,132,95,98,122
NFN,NFN22,145.55,-35.68,161,133,46,5359,317,34,283,126,204,230,93,462,51,26,17,132,95,98,122
NFN,NFN23,145.55,-35.68,161,133,46,5359,317,34,283,126,204,230,93,462,51,26,17,132,95,98,122
NFN,NFN25,145.55,-35.68,161,133,46,5359,317,34,283,126,204,230,93,462,51,26,17,132,95,98,122
NFN,NFN26,145.55,-35.68,161,133,46,5359,317,34,283,126,204,230,93,462,51,26,17,132,95,98,122
NFN,NFN29,145.55,-35.68,161,133,46,5359,317,34,283,126,204,230,93,462,51,26,17,132,95,98,122
NGR,NGR03,148.12,-34,153,136,46,5651,314,21,293,116,197,227,82,670,69,46,12,188,157,158,171
NGR,NGR04,148.12,-34,153,136,46,5651,314,21,293,116,197,227,82,670,69,46,12,188,157,158,171
NGR,NGR06,148.12,-34,153,136,46,5651,314,21,293,116,197,227,82,670,69,46,12,188,157,158,171
NGR,NGR10,148.12,-34,153,136,46,5651,314,21,293,116,197,227,82,670,69,46,12,188,157,158,171
NGR,NGR12,148.12,-34,153,136,46,5651,314,21,293,116,197,227,82,670,69,46,12,188,157,158,171
NGR,NGR14,148.12,-34,153,136,46,5651,314,21,293,116,197,227,82,670,69,46,12,188,157,158,171
NGR,NGR15,148.12,-34,153,136,46,5651,314,21,293,116,197,227,82,670,69,46,12,188,157,158,171
NGR,NGR17,148.12,-34,153,136,46,5651,314,21,293,116,197,227,82,670,69,46,12,188,157,158,171
NGR,NGR21,148.12,-34,153,136,46,5651,314,21,293,116,197,227,82,670,69,46,12,188,157,158,171
NGR,NGR22,148.12,-34,153,136,46,5651,314,21,293,116,197,227,82,670,69,46,12,188,157,158,171
NGR,NGR23,148.12,-34,153,136,46,5651,314,21,293,116,197,227,82,670,69,46,12,188,157,158,171
NGR,NGR27,148.12,-34,153,136,46,5651,314,21,293,116,197,227,82,670,69,46,12,188,157,158,171
NGR,NGR28,148.12,-34,153,136,46,5651,314,21,293,116,197,227,82,670,69,46,12,188,157,158,171
NGR,NGR29,148.12,-34,153,136,46,5651,314,21,293,116,197,227,82,670,69,46,12,188,157,158,171
NGR,NGR30,148.12,-34,153,136,46,5651,314,21,293,116,197,227,82,670,69,46,12,188,157,158,171
NGR,NGR31,148.12,-34,153,136,46,5651,314,21,293,116,197,227,82,670,69,46,12,188,157,158,171
NGR,NGR32,148.12,-34,153,136,46,5651,314,21,293,116,197,227,82,670,69,46,12,188,157,158,171
NGR,NGR34,148.12,-34,153,136,46,5651,314,21,293,116,197,227,82,670,69,46,12,188,157,158,171
NGR,NGR35,148.12,-34,153,136,46,5651,314,21,293,116,197,227,82,670,69,46,12,188,157,158,171
NGR,NGR36,148.12,-34,153,136,46,5651,314,21,293,116,197,227,82,670,69,46,12,188,157,158,171
NGR,NGR37,148.12,-34,153,136,46,5651,314,21,293,116,197,227,82,670,69,46,12,188,157,158,171
NGR,NGR39,148.12,-34,153,136,46,5651,314,21,293,116,197,227,82,670,69,46,12,188,157,158,171
NGR,NGR40,148.12,-34,153,136,46,5651,314,21,293,116,197,227,82,670,69,46,12,188,157,158,171
NHI,NHI01,147.22,-33.84,165,129,44,5734,319,31,288,169,91,239,91,503,53,31,14,137,116,121,116
NHI,NHI02,147.22,-33.84,165,129,44,5734,319,31,288,169,91,239,91,503,53,31,14,137,116,121,116
NHI,NHI04,147.22,-33.84,165,129,44,5734,319,31,288,169,91,239,91,503,53,31,14,137,116,121,116
NHI,NHI06,147.22,-33.84,165,129,44,5734,319,31,288,169,91,239,91,503,53,31,14,137,116,121,116
NHI,NHI08,147.22,-33.84,165,129,44,5734,319,31,288,169,91,239,91,503,53,31,14,137,116,121,116
NHI,NHI10,147.22,-33.84,165,129,44,5734,319,31,288,169,91,239,91,503,53,31,14,137,116,121,116
NHI,NHI11,147.22,-33.84,165,129,44,5734,319,31,288,169,91,239,91,503,53,31,14,137,116,121,116
NHI,NHI13,147.22,-33.84,165,129,44,5734,319,31,288,169,91,239,91,503,53,31,14,137,116,121,116
NHI,NHI14,147.22,-33.84,165,129,44,5734,319,31,288,169,91,239,91,503,53,31,14,137,116,121,116
NHI,NHI15,147.22,-33.84,165,129,44,5734,319,31,288,169,91,239,91,503,53,31,14,137,116,121,116
NHI,NHI16,147.22,-33.84,165,129,44,5734,319,31,288,169,91,239,91,503,53,31,14,137,116,121,116
NHI,NHI17,147.22,-33.84,165,129,44,5734,319,31,288,169,91,239,91,503,53,31,14,137,116,121,116
NHI,NHI19,147.22,-33.84,165,129,44,5734,319,31,288,169,91,239,91,503,53,31,14,137,116,121,116
NHI,NHI20,147.22,-33.84,165,129,44,5734,319,31,288,169,91,239,91,503,53,31,14,137,116,121,116
NHI,NHI21,147.22,-33.84,165,129,44,5734,319,31,288,169,91,239,91,503,53,31,14,137,116,121,116
NHI,NHI22,147.22,-33.84,165,129,44,5734,319,31,288,169,91,239,91,503,53,31,14,137,116,121,116
NHI,NHI24,147.22,-33.84,165,129,44,5734,319,31,288,169,91,239,91,503,53,31,14,137,116,121,116
NHI,NHI25,147.22,-33.84,165,129,44,5734,319,31,288,169,91,239,91,503,53,31,14,137,116,121,116
NHI,NHI26,147.22,-33.84,165,129,44,5734,319,31,288,169,91,239,91,503,53,31,14,137,116,121,116
NHI,NHI28,147.22,-33.84,165,129,44,5734,319,31,288,169,91,239,91,503,53,31,14,137,116,121,116
NHI,NHI29,147.22,-33.84,165,129,44,5734,319,31,288,169,91,239,91,503,53,31,14,137,116,121,116
NHI,NHI30,147.22,-33.84,165,129,44,5734,319,31,288,169,91,239,91,503,53,31,14,137,116,121,116
NMV,NMV01,144.91,-35.7,160,131,46,5233,314,35,279,126,227,227,93,417,43,24,16,122,86,86,114
NMV,NMV03,144.91,-35.7,160,131,46,5233,314,35,279,126,227,227,93,417,43,24,16,122,86,86,114
NMV,NMV04,144.91,-35.7,160,131,46,5233,314,35,279,126,227,227,93,417,43,24,16,122,86,86,114
NMV,NMV05,144.91,-35.7,160,131,46,5233,314,35,279,126,227,227,93,417,43,24,16,122,86,86,114
NMV,NMV06,144.91,-35.7,160,131,46,5233,314,35,279,126,227,227,93,417,43,24,16,122,86,86,114
NMV,NMV08,144.91,-35.7,160,131,46,5233,314,35,279,126,227,227,93,417,43,24,16,122,86,86,114
NMV,NMV09,144.91,-35.7,160,131,46,5233,314,35,279,126,227,227,93,417,43,24,16,122,86,86,114
NMV,NMV10,144.91,-35.7,160,131,46,5233,314,35,279,126,227,227,93,417,43,24,16,122,86,86,114
NMV,NMV12,144.91,-35.7,160,131,46,5233,314,35,279,126,227,227,93,417,43,24,16,122,86,86,114
NMV,NMV13,144.91,-35.7,160,131,46,5233,314,35,279,126,227,227,93,417,43,24,16,122,86,86,114
NMV,NMV14,144.91,-35.7,160,131,46,5233,314,35,279,126,227,227,93,417,43,24,16,122,86,86,114
NMV,NMV16,144.91,-35.7,160,131,46,5233,314,35,279,126,227,227,93,417,43,24,16,122,86,86,114
NMV,NMV18,144.91,-35.7,160,131,46,5233,314,35,279,126,227,227,93,417,43,24,16,122,86,86,114
NMV,NMV19,144.91,-35.7,160,131,46,5233,314,35,279,126,227,227,93,417,43,24,16,122,86,86,114
NMV,NMV20,144.91,-35.7,160,131,46,5233,314,35,279,126,227,227,93,417,43,24,16,122,86,86,114
NMV,NMV23,144.91,-35.7,160,131,46,5233,314,35,279,126,227,227,93,417,43,24,16,122,86,86,114
NMV,NMV25,144.91,-35.7,160,131,46,5233,314,35,279,126,227,227,93,417,43,24,16,122,86,86,114
NMV,NMV26,144.91,-35.7,160,131,46,5233,314,35,279,126,227,227,93,417,43,24,16,122,86,86,114
NMV,NMV28,144.91,-35.7,160,131,46,5233,314,35,279,126,227,227,93,417,43,24,16,122,86,86,114
NMV,NMV29,144.91,-35.7,160,131,46,5233,314,35,279,126,227,227,93,417,43,24,16,122,86,86,114
NMV,NMV30,144.91,-35.7,160,131,46,5233,314,35,279,126,227,227,93,417,43,24,16,122,86,86,114
NNA,NNA01,146.5,-34.75,166,130,44,5690,323,34,289,127,236,239,93,460,47,31,15,131,98,99,119
NNA,NNA02,146.5,-34.75,166,130,44,5690,323,34,289,127,236,239,93,460,47,31,15,131,98,99,119
NNA,NNA03,146.5,-34.75,166,130,44,5690,323,34,289,127,236,239,93,460,47,31,15,131,98,99,119
NNA,NNA04,146.5,-34.75,166,130,44,5690,323,34,289,127,236,239,93,460,47,31,15,131,98,99,119
NNA,NNA05,146.5,-34.75,166,130,44,5690,323,34,289,127,236,239,93,460,47,31,15,131,98,99,119
NNA,NNA06,146.5,-34.75,166,130,44,5690,323,34,289,127,236,239,93,460,47,31,15,131,98,99,119
NNA,NNA07,146.5,-34.75,166,130,44,5690,323,34,289,127,236,239,93,460,47,31,15,131,98,99,119
NNA,NNA08,146.5,-34.75,166,130,44,5690,323,34,289,127,236,239,93,460,47,31,15,131,98,99,119
NNA,NNA09,146.5,-34.75,166,130,44,5690,323,34,289,127,236,239,93,460,47,31,15,131,98,99,119
NNA,NNA10,146.5,-34.75,166,130,44,5690,323,34,289,127,236,239,93,460,47,31,15,131,98,99,119
NNA,NNA11,146.5,-34.75,166,130,44,5690,323,34,289,127,236,239,93,460,47,31,15,131,98,99,119
NNA,NNA12,146.5,-34.75,166,130,44,5690,323,34,289,127,236,239,93,460,47,31,15,131,98,99,119
NNA,NNA13,146.5,-34.75,166,130,44,5690,323,34,289,127,236,239,93,460,47,31,15,131,98,99,119
NNA,NNA14,146.5,-34.75,166,130,44,5690,323,34,289,127,236,239,93,460,47,31,15,131,98,99,119
NNA,NNA15,146.5,-34.75,166,130,44,5690,323,34,289,127,236,239,93,460,47,31,15,131,98,99,119
NNA,NNA16,146.5,-34.75,166,130,44,5690,323,34,289,127,236,239,93,460,47,31,15,131,98,99,119
NNA,NNA17,146.5,-34.75,166,130,44,5690,323,34,289,127,236,239,93,460,47,31,15,131,98,99,119
NNA,NNA18,146.5,-34.75,166,130,44,5690,323,34,289,127,236,239,93,460,47,31,15,131,98,99,119
NNA,NNA19,146.5,-34.75,166,130,44,5690,323,34,289,127,236,239,93,460,47,31,15,131,98,99,119
NNA,NNA20,146.5,-34.75,166,130,44,5690,323,34,289,127,236,239,93,460,47,31,15,131,98,99,119
NTA,NTA02,147.68,-35.25,151,134,45,5583,313,20,293,114,221,224,80,677,71,38,17,201,138,138,190
NTA,NTA04,147.68,-35.25,151,134,45,5583,313,20,293,114,221,224,80,677,71,38,17,201,138,138,190
NTA,NTA05,147.68,-35.25,151,134,45,5583,313,20,293,114,221,224,80,677,71,38,17,201,138,138,190
NTA,NTA06,147.68,-35.25,151,134,45,5583,313,20,293,114,221,224,80,677,71,38,17,201,138,138,190
NTA,NTA09,147.68,-35.25,151,134,45,5583,313,20,293,114,221,224,80,677,71,38,17,201,138,138,190
NTA,NTA10,147.68,-35.25,151,134,45,5583,313,20,293,114,221,224,80,677,71,38,17,201,138,138,190
NTA,NTA11,147.68,-35.25,151,134,45,5583,313,20,293,114,221,224,80,677,71,38,17,201,138,138,190
NTA,NTA12,147.68,-35.25,151,134,45,5583,313,20,293,114,221,224,80,677,71,38,17,201,138,138,190
NTA,NTA13,147.68,-35.25,151,134,45,5583,313,20,293,114,221,224,80,677,71,38,17,201,138,138,190
NTA,NTA14,147.68,-35.25,151,134,45,5583,313,20,293,114,221,224,80,677,71,38,17,201,138,138,190
NTA,NTA15,147.68,-35.25,151,134,45,5583,313,20,293,114,221,224,80,677,71,38,17,201,138,138,190
NTA,NTA16,147.68,-35.25,151,134,45,5583,313,20,293,114,221,224,80,677,71,38,17,201,138,138,190
NTA,NTA17,147.68,-35.25,151,134,45,5583,313,20,293,114,221,224,80,677,71,38,17,201,138,138,190
NTA,NTA19,147.68,-35.25,151,134,45,5583,313,20,293,114,221,224,80,677,71,38,17,201,138,138,190
NTA,NTA20,147.68,-35.25,151,134,45,5583,313,20,293,114,221,224,80,677,71,38,17,201,138,138,190
NTA,NTA22,147.68,-35.25,151,134,45,5583,313,20,293,114,221,224,80,677,71,38,17,201,138,138,190
NTA,NTA24,147.68,-35.25,151,134,45,5583,313,20,293,114,221,224,80,677,71,38,17,201,138,138,190
NTA,NTA25,147.68,-35.25,151,134,45,5583,313,20,293,114,221,224,80,677,71,38,17,201,138,138,190
NTR,NTR01,147.09,-35.31,151,128,44,5642,310,24,286,89,222,224,79,632,65,36,20,189,123,126,182
NTR,NTR05,147.09,-35.31,151,128,44,5642,310,24,286,89,222,224,79,632,65,36,20,189,123,126,182
NTR,NTR07,147.09,-35.31,151,128,44,5642,310,24,286,89,222,224,79,632,65,36,20,189,123,126,182
NTR,NTR10,147.09,-35.31,151,128,44,5642,310,24,286,89,222,224,79,632,65,36,20,189,123,126,182
NTR,NTR13,147.09,-35.31,151,128,44,5642,310,24,286,89,222,224,79,632,65,36,20,189,123,126,182
NTR,NTR16,147.09,-35.31,151,128,44,5642,310,24,286,89,222,224,79,632,65,36,20,189,123,126,182
NTR,NTR21,147.09,-35.31,151,128,44,5642,310,24,286,89,222,224,79,632,65,36,20,189,123,126,182
NTR,NTR22,147.09,-35.31,151,128,44,5642,310,24,286,89,222,224,79,632,65,36,20,189,123,126,182
NTR,NTR23,147.09,-35.31,151,128,44,5642,310,24,286,89,222,224,79,632,65,36,20,189,123,126,182
NTR,NTR24,147.09,-35.31,151,128,44,5642,310,24,286,89,222,224,79,632,65,36,20,189,123,126,182
NTR,NTR25,147.09,-35.31,151,128,44,5642,310,24,286,89,222,224,79,632,65,36,20,189,123,126,182
NTR,NTR26,147.09,-35.31,151,128,44,5642,310,24,286,89,222,224,79,632,65,36,20,189,123,126,182
NTR,NTR27,147.09,-35.31,151,128,44,5642,310,24,286,89,222,224,79,632,65,36,20,189,123,126,182
NTR,NTR28,147.09,-35.31,151,128,44,5642,310,24,286,89,222,224,79,632,65,36,20,189,123,126,182
NTR,NTR29,147.09,-35.31,151,128,44,5642,310,24,286,89,222,224,79,632,65,36,20,189,123,126,182
NTR,NTR30,147.09,-35.31,151,128,44,5642,310,24,286,89,222,224,79,632,65,36,20,189,123,126,182
NTR,NTR31,147.09,-35.31,151,128,44,5642,310,24,286,89,222,224,79,632,65,36,20,189,123,126,182
NTR,NTR32,147.09,-35.31,151,128,44,5642,310,24,286,89,222,224,79,632,65,36,20,189,123,126,182
NTR,NTR33,147.09,-35.31,151,128,44,5642,310,24,286,89,222,224,79,632,65,36,20,189,123,126,182
NTR,NTR34,147.09,-35.31,151,128,44,5642,310,24,286,89,222,224,79,632,65,36,20,189,123,126,182
NTR,NTR35,147.09,-35.31,151,128,44,5642,310,24,286,89,222,224,79,632,65,36,20,189,123,126,182
NTR,NTR36,147.09,-35.31,151,128,44,5642,310,24,286,89,222,224,79,632,65,36,20,189,123,126,182
NTR,NTR38,147.09,-35.31,151,128,44,5642,310,24,286,89,222,224,79,632,65,36,20,189,123,126,182
NTR,NTR39,147.09,-35.31,151,128,44,5642,310,24,286,89,222,224,79,632,65,36,20,189,123,126,182
NTR,NTR40,147.09,-35.31,151,128,44,5642,310,24,286,89,222,224,79,632,65,36,20,189,123,126,182
VBU,VBU01,142.18,-36.82,142,130,50,4370,290,33,257,87,198,198,87,500,60,26,30,166,79,79,166
VBU,VBU03,142.18,-36.82,142,130,50,4370,290,33,257,87,198,198,87,500,60,26,30,166,79,79,166
VBU,VBU05,142.18,-36.82,142,130,50,4370,290,33,257,87,198,198,87,500,60,26,30,166,79,79,166
VBU,VBU06,142.18,-36.82,142,130,50,4370,290,33,257,87,198,198,87,500,60,26,30,166,79,79,166
VBU,VBU08,142.18,-36.82,142,130,50,4370,290,33,257,87,198,198,87,500,60,26,30,166,79,79,166
VBU,VBU09B,142.18,-36.82,142,130,50,4370,290,33,257,87,198,198,87,500,60,26,30,166,79,79,166
VBU,VBU11,142.18,-36.82,142,130,50,4370,290,33,257,87,198,198,87,500,60,26,30,166,79,79,166
VBU,VBU12,142.18,-36.82,142,130,50,4370,290,33,257,87,198,198,87,500,60,26,30,166,79,79,166
VBU,VBU13,142.18,-36.82,142,130,50,4370,290,33,257,87,198,198,87,500,60,26,30,166,79,79,166
VBU,VBU14B,142.18,-36.82,142,130,50,4370,290,33,257,87,198,198,87,500,60,26,30,166,79,79,166
VBU,VBU15,142.18,-36.82,142,130,50,4370,290,33,257,87,198,198,87,500,60,26,30,166,79,79,166
VBU,VBU16,142.18,-36.82,142,130,50,4370,290,33,257,87,198,198,87,500,60,26,30,166,79,79,166
VBU,VBU17,142.18,-36.82,142,130,50,4370,290,33,257,87,198,198,87,500,60,26,30,166,79,79,166
VBU,VBU19,142.18,-36.82,142,130,50,4370,290,33,257,87,198,198,87,500,60,26,30,166,79,79,166
VBU,VBU21,142.18,-36.82,142,130,50,4370,290,33,257,87,198,198,87,500,60,26,30,166,79,79,166
VBU,VBU22B,142.18,-36.82,142,130,50,4370,290,33,257,87,198,198,87,500,60,26,30,166,79,79,166
VBU,VBU24,142.18,-36.82,142,130,50,4370,290,33,257,87,198,198,87,500,60,26,30,166,79,79,166
VBU,VBU25,142.18,-36.82,142,130,50,4370,290,33,257,87,198,198,87,500,60,26,30,166,79,79,166
VBU,VBU26B,142.18,-36.82,142,130,50,4370,290,33,257,87,198,198,87,500,60,26,30,166,79,79,166
VBU,VBU27,142.18,-36.82,142,130,50,4370,290,33,257,87,198,198,87,500,60,26,30,166,79,79,166
VBU,VBU29,142.18,-36.82,142,130,50,4370,290,33,257,87,198,198,87,500,60,26,30,166,79,79,166
VBU,VBU30,142.18,-36.82,142,130,50,4370,290,33,257,87,198,198,87,500,60,26,30,166,79,79,166
VBU,VBU31B,142.18,-36.82,142,130,50,4370,290,33,257,87,198,198,87,500,60,26,30,166,79,79,166
VBU,VBU32,142.18,-36.82,142,130,50,4370,290,33,257,87,198,198,87,500,60,26,30,166,79,79,166
VBU,VBU34,142.18,-36.82,142,130,50,4370,290,33,257,87,198,198,87,500,60,26,30,166,79,79,166
VBU,VBU35B,142.18,-36.82,142,130,50,4370,290,33,257,87,198,198,87,500,60,26,30,166,79,79,166
VDB,VDB52D,145.68,-36.4,150,121,45,5123,300,34,266,94,217,217,86,593,66,32,20,183,112,112,178
VDB,VDB54D,145.68,-36.4,150,121,45,5123,300,34,266,94,217,217,86,593,66,32,20,183,112,112,178
VDB,VDB56D,145.68,-36.4,150,121,45,5123,300,34,266,94,217,217,86,593,66,32,20,183,112,112,178
VDB,VDB58D,145.68,-36.4,150,121,45,5123,300,34,266,94,217,217,86,593,66,32,20,183,112,112,178
VDB,VDB60D,145.68,-36.4,150,121,45,5123,300,34,266,94,217,217,86,593,66,32,20,183,112,112,178
VDB,VDB61D,145.68,-36.4,150,121,45,5123,300,34,266,94,217,217,86,593,66,32,20,183,112,112,178
VDB,VDB62D,145.68,-36.4,150,121,45,5123,300,34,266,94,217,217,86,593,66,32,20,183,112,112,178
VDB,VDB63D,145.68,-36.4,150,121,45,5123,300,34,266,94,217,217,86,593,66,32,20,183,112,112,178
VDB,VDB64D,145.68,-36.4,150,121,45,5123,300,34,266,94,217,217,86,593,66,32,20,183,112,112,178
VDB,VDB65D,145.68,-36.4,150,121,45,5123,300,34,266,94,217,217,86,593,66,32,20,183,112,112,178
VDB,VDB67D,145.68,-36.4,150,121,45,5123,300,34,266,94,217,217,86,593,66,32,20,183,112,112,178
VDB,VDB69D,145.68,-36.4,150,121,45,5123,300,34,266,94,217,217,86,593,66,32,20,183,112,112,178
VDB,VDB70D,145.68,-36.4,150,121,45,5123,300,34,266,94,217,217,86,593,66,32,20,183,112,112,178
VDB,VDO01B,145.68,-36.4,150,121,45,5123,300,34,266,94,217,217,86,593,66,32,20,183,112,112,178
VDB,VDO04B,145.68,-36.4,150,121,45,5123,300,34,266,94,217,217,86,593,66,32,20,183,112,112,178
VDB,VDO07B,145.68,-36.4,150,121,45,5123,300,34,266,94,217,217,86,593,66,32,20,183,112,112,178
VDB,VDO08,145.68,-36.4,150,121,45,5123,300,34,266,94,217,217,86,593,66,32,20,183,112,112,178
VDB,VDO11B,145.68,-36.4,150,121,45,5123,300,34,266,94,217,217,86,593,66,32,20,183,112,112,178
VDB,VDO13,145.68,-36.4,150,121,45,5123,300,34,266,94,217,217,86,593,66,32,20,183,112,112,178
VDB,VDO14,145.68,-36.4,150,121,45,5123,300,34,266,94,217,217,86,593,66,32,20,183,112,112,178
VDB,VDO15B,145.68,-36.4,150,121,45,5123,300,34,266,94,217,217,86,593,66,32,20,183,112,112,178
VDB,VDO17B,145.68,-36.4,150,121,45,5123,300,34,266,94,217,217,86,593,66,32,20,183,112,112,178
VDB,VDO18,145.68,-36.4,150,121,45,5123,300,34,266,94,217,217,86,593,66,32,20,183,112,112,178
VDB,VDO20B,145.68,-36.4,150,121,45,5123,300,34,266,94,217,217,86,593,66,32,20,183,112,112,178
VDB,VDO21,145.68,-36.4,150,121,45,5123,300,34,266,94,217,217,86,593,66,32,20,183,112,112,178
VDB,VDO22,145.68,-36.4,150,121,45,5123,300,34,266,94,217,217,86,593,66,32,20,183,112,112,178
VDB,VDO23B,145.68,-36.4,150,121,45,5123,300,34,266,94,217,217,86,593,66,32,20,183,112,112,178
VDB,VDO24,145.68,-36.4,150,121,45,5123,300,34,266,94,217,217,86,593,66,32,20,183,112,112,178
VDB,VDO26,145.68,-36.4,150,121,45,5123,300,34,266,94,217,217,86,593,66,32,20,183,112,112,178
VDB,VDO27,145.68,-36.4,150,121,45,5123,300,34,266,94,217,217,86,593,66,32,20,183,112,112,178
VDB,VDO28,145.68,-36.4,150,121,45,5123,300,34,266,94,217,217,86,593,66,32,20,183,112,112,178
VDB,VDO29,145.68,-36.4,150,121,45,5123,300,34,266,94,217,217,86,593,66,32,20,183,112,112,178
VDB,VDO30,145.68,-36.4,150,121,45,5123,300,34,266,94,217,217,86,593,66,32,20,183,112,112,178
VGL,VGL01,143.53,-37.1,135,124,48,4585,283,27,256,85,194,195,77,596,72,31,28,194,100,104,191
VGL,VGL02,143.53,-37.1,135,124,48,4585,283,27,256,85,194,195,77,596,72,31,28,194,100,104,191
VGL,VGL03,143.53,-37.1,135,124,48,4585,283,27,256,85,194,195,77,596,72,31,28,194,100,104,191
VGL,VGL04,143.53,-37.1,135,124,48,4585,283,27,256,85,194,195,77,596,72,31,28,194,100,104,191
VGL,VGL05,143.53,-37.1,135,124,48,4585,283,27,256,85,194,195,77,596,72,31,28,194,100,104,191
VGL,VGL07,143.53,-37.1,135,124,48,4585,283,27,256,85,194,195,77,596,72,31,28,194,100,104,191
VGL,VGL08,143.53,-37.1,135,124,48,4585,283,27,256,85,194,195,77,596,72,31,28,194,100,104,191
VGL,VGL09,143.53,-37.1,135,124,48,4585,283,27,256,85,194,195,77,596,72,31,28,194,100,104,191
VGL,VGL10,143.53,-37.1,135,124,48,4585,283,27,256,85,194,195,77,596,72,31,28,194,100,104,191
VGL,VGL11,143.53,-37.1,135,124,48,4585,283,27,256,85,194,195,77,596,72,31,28,194,100,104,191
VGL,VGL12,143.53,-37.1,135,124,48,4585,283,27,256,85,194,195,77,596,72,31,28,194,100,104,191
VGL,VGL13,143.53,-37.1,135,124,48,4585,283,27,256,85,194,195,77,596,72,31,28,194,100,104,191
VGL,VGL14,143.53,-37.1,135,124,48,4585,283,27,256,85,194,195,77,596,72,31,28,194,100,104,191
VGL,VGL16,143.53,-37.1,135,124,48,4585,283,27,256,85,194,195,77,596,72,31,28,194,100,104,191
VGL,VGL17,143.53,-37.1,135,124,48,4585,283,27,256,85,194,195,77,596,72,31,28,194,100,104,191
VGL,VGL18,143.53,-37.1,135,124,48,4585,283,27,256,85,194,195,77,596,72,31,28,194,100,104,191
VGL,VGL19,143.53,-37.1,135,124,48,4585,283,27,256,85,194,195,77,596,72,31,28,194,100,104,191
VGL,VGL20,143.53,-37.1,135,124,48,4585,283,27,256,85,194,195,77,596,72,31,28,194,100,104,191
VGL,VGL22,143.53,-37.1,135,124,48,4585,283,27,256,85,194,195,77,596,72,31,28,194,100,104,191
VGL,VGL24,143.53,-37.1,135,124,48,4585,283,27,256,85,194,195,77,596,72,31,28,194,100,104,191
VGL,VGL26,143.53,-37.1,135,124,48,4585,283,27,256,85,194,195,77,596,72,31,28,194,100,104,191
VGL,VGL27,143.53,-37.1,135,124,48,4585,283,27,256,85,194,195,77,596,72,31,28,194,100,104,191
VGL,VGL28,143.53,-37.1,135,124,48,4585,283,27,256,85,194,195,77,596,72,31,28,194,100,104,191
VGL,VGL29,143.53,-37.1,135,124,48,4585,283,27,256,85,194,195,77,596,72,31,28,194,100,104,191
VGL,VGL30,143.53,-37.1,135,124,48,4585,283,27,256,85,194,195,77,596,72,31,28,194,100,104,191
VMA,VMA01,141.82,-36.77,140,132,51,4294,287,31,256,85,195,195,85,512,64,24,33,177,75,75,177
VMA,VMA03,141.82,-36.77,140,132,51,4294,287,31,256,85,195,195,85,512,64,24,33,177,75,75,177
VMA,VMA05,141.82,-36.77,140,132,51,4294,287,31,256,85,195,195,85,512,64,24,33,177,75,75,177
VMA,VMA08,141.82,-36.77,140,132,51,4294,287,31,256,85,195,195,85,512,64,24,33,177,75,75,177
VMA,VMA09,141.82,-36.77,140,132,51,4294,287,31,256,85,195,195,85,512,64,24,33,177,75,75,177
VMA,VMA10,141.82,-36.77,140,132,51,4294,287,31,256,85,195,195,85,512,64,24,33,177,75,75,177
VMA,VMA12,141.82,-36.77,140,132,51,4294,287,31,256,85,195,195,85,512,64,24,33,177,75,75,177
VMA,VMA13,141.82,-36.77,140,132,51,4294,287,31,256,85,195,195,85,512,64,24,33,177,75,75,177
VMA,VMA14,141.82,-36.77,140,132,51,4294,287,31,256,85,195,195,85,512,64,24,33,177,75,75,177
VMA,VMA15,141.82,-36.77,140,132,51,4294,287,31,256,85,195,195,85,512,64,24,33,177,75,75,177
VMA,VMA18,141.82,-36.77,140,132,51,4294,287,31,256,85,195,195,85,512,64,24,33,177,75,75,177
VMA,VMA19,141.82,-36.77,140,132,51,4294,287,31,256,85,195,195,85,512,64,24,33,177,75,75,177
VMA,VMA20,141.82,-36.77,140,132,51,4294,287,31,256,85,195,195,85,512,64,24,33,177,75,75,177
VMA,VMA21,141.82,-36.77,140,132,51,4294,287,31,256,85,195,195,85,512,64,24,33,177,75,75,177
VMA,VMA23,141.82,-36.77,140,132,51,4294,287,31,256,85,195,195,85,512,64,24,33,177,75,75,177
VMA,VMA24,141.82,-36.77,140,132,51,4294,287,31,256,85,195,195,85,512,64,24,33,177,75,75,177
VMA,VMA25,141.82,-36.77,140,132,51,4294,287,31,256,85,195,195,85,512,64,24,33,177,75,75,177
VMA,VMA26,141.82,-36.77,140,132,51,4294,287,31,256,85,195,195,85,512,64,24,33,177,75,75,177
VMA,VMA28,141.82,-36.77,140,132,51,4294,287,31,256,85,195,195,85,512,64,24,33,177,75,75,177
VMA,VMA29,141.82,-36.77,140,132,51,4294,287,31,256,85,195,195,85,512,64,24,33,177,75,75,177
VMC,VMC01,144.11,-36.77,146,122,47,4811,292,33,259,93,206,207,85,526,60,30,25,167,92,95,161
VMC,VMC04B,144.11,-36.77,146,122,47,4811,292,33,259,93,206,207,85,526,60,30,25,167,92,95,161
VMC,VMC06,144.11,-36.77,146,122,47,4811,292,33,259,93,206,207,85,526,60,30,25,167,92,95,161
VMC,VMC08,144.11,-36.77,146,122,47,4811,292,33,259,93,206,207,85,526,60,30,25,167,92,95,161
VMC,VMC10B,144.11,-36.77,146,122,47,4811,292,33,259,93,206,207,85,526,60,30,25,167,92,95,161
VMC,VMC12B,144.11,-36.77,146,122,47,4811,292,33,259,93,206,207,85,526,60,30,25,167,92,95,161
VMC,VMC14,144.11,-36.77,146,122,47,4811,292,33,259,93,206,207,85,526,60,30,25,167,92,95,161
VMC,VMC18,144.11,-36.77,146,122,47,4811,292,33,259,93,206,207,85,526,60,30,25,167,92,95,161
VMC,VMC21,144.11,-36.77,146,122,47,4811,292,33,259,93,206,207,85,526,60,30,25,167,92,95,161
VMC,VMC23,144.11,-36.77,146,122,47,4811,292,33,259,93,206,207,85,526,60,30,25,167,92,95,161
VMC,VMC24,144.11,-36.77,146,122,47,4811,292,33,259,93,206,207,85,526,60,30,25,167,92,95,161
VMC,VMC25,144.11,-36.77,146,122,47,4811,292,33,259,93,206,207,85,526,60,30,25,167,92,95,161
VMC,VMC26B,144.11,-36.77,146,122,47,4811,292,33,259,93,206,207,85,526,60,30,25,167,92,95,161
VMC,VMC27,144.11,-36.77,146,122,47,4811,292,33,259,93,206,207,85,526,60,30,25,167,92,95,161
VMC,VMC28B,144.11,-36.77,146,122,47,4811,292,33,259,93,206,207,85,526,60,30,25,167,92,95,161
VMC,VMC29,144.11,-36.77,146,122,47,4811,292,33,259,93,206,207,85,526,60,30,25,167,92,95,161
VMC,VMC30,144.11,-36.77,146,122,47,4811,292,33,259,93,206,207,85,526,60,30,25,167,92,95,161
VMC,VMC31,144.11,-36.77,146,122,47,4811,292,33,259,93,206,207,85,526,60,30,25,167,92,95,161
VMC,VMC32,144.11,-36.77,146,122,47,4811,292,33,259,93,206,207,85,526,60,30,25,167,92,95,161
VMC,VMC33B,144.11,-36.77,146,122,47,4811,292,33,259,93,206,207,85,526,60,30,25,167,92,95,161
VMC,VMC34,144.11,-36.77,146,122,47,4811,292,33,259,93,206,207,85,526,60,30,25,167,92,95,161
VMC,VMC35,144.11,-36.77,146,122,47,4811,292,33,259,93,206,207,85,526,60,30,25,167,92,95,161
VMC,VMC36,144.11,-36.77,146,122,47,4811,292,33,259,93,206,207,85,526,60,30,25,167,92,95,161
VMC,VMC37,144.11,-36.77,146,122,47,4811,292,33,259,93,206,207,85,526,60,30,25,167,92,95,161
VMC,VMC38,144.11,-36.77,146,122,47,4811,292,33,259,93,206,207,85,526,60,30,25,167,92,95,161
VMC,VMC39B,144.11,-36.77,146,122,47,4811,292,33,259,93,206,207,85,526,60,30,25,167,92,95,161
VMC,VMC40,144.11,-36.77,146,122,47,4811,292,33,259,93,206,207,85,526,60,30,25,167,92,95,161
VMJ,VMJ01,143.14,-36.28,151,128,48,4854,302,37,265,118,214,214,90,411,48,24,23,133,74,74,122
VMJ,VMJ03,143.14,-36.28,151,128,48,4854,302,37,265,118,214,214,90,411,48,24,23,133,74,74,122
VMJ,VMJ05,143.14,-36.28,151,128,48,4854,302,37,265,118,214,214,90,411,48,24,23,133,74,74,122
VRH,VRH02,145.95,-36.58,147,128,47,5099,302,30,272,92,212,213,83,688,80,34,24,222,121,123,220
VRH,VRH04,145.95,-36.58,147,128,47,5099,302,30,272,92,212,213,83,688,80,34,24,222,121,123,220
VRH,VRH05,145.95,-36.58,147,128,47,5099,302,30,272,92,212,213,83,688,80,34,24,222,121,123,220
VRH,VRH06,145.95,-36.58,147,128,47,5099,302,30,272,92,212,213,83,688,80,34,24,222,121,123,220
VRH,VRH08,145.95,-36.58,147,128,47,5099,302,30,272,92,212,213,83,688,80,34,24,222,121,123,220
VRH,VRH10,145.95,-36.58,147,128,47,5099,302,30,272,92,212,213,83,688,80,34,24,222,121,123,220
VRH,VRH11,145.95,-36.58,147,128,47,5099,302,30,272,92,212,213,83,688,80,34,24,222,121,123,220
VRH,VRH12,145.95,-36.58,147,128,47,5099,302,30,272,92,212,213,83,688,80,34,24,222,121,123,220
VRH,VRH13,145.95,-36.58,147,128,47,5099,302,30,272,92,212,213,83,688,80,34,24,222,121,123,220
VRH,VRH21,145.95,-36.58,147,128,47,5099,302,30,272,92,212,213,83,688,80,34,24,222,121,123,220
VRH,VRH22,145.95,-36.58,147,128,47,5099,302,30,272,92,212,213,83,688,80,34,24,222,121,123,220
VRH,VRH24,145.95,-36.58,147,128,47,5099,302,30,272,92,212,213,83,688,80,34,24,222,121,123,220
VRH,VRH25,145.95,-36.58,147,128,47,5099,302,30,272,92,212,213,83,688,80,34,24,222,121,123,220
VRH,VRH26,145.95,-36.58,147,128,47,5099,302,30,272,92,212,213,83,688,80,34,24,222,121,123,220
VRH,VRH27,145.95,-36.58,147,128,47,5099,302,30,272,92,212,213,83,688,80,34,24,222,121,123,220
VRH,VRH29,145.95,-36.58,147,128,47,5099,302,30,272,92,212,213,83,688,80,34,24,222,121,123,220
VRH,VRH30,145.95,-36.58,147,128,47,5099,302,30,272,92,212,213,83,688,80,34,24,222,121,123,220
VTT,VTT02,144.22,-36.14,153,127,47,5007,304,34,270,120,218,218,90,439,48,27,20,135,85,85,127
VTT,VTT03,144.22,-36.14,153,127,47,5007,304,34,270,120,218,218,90,439,48,27,20,135,85,85,127
VTT,VTT04,144.22,-36.14,153,127,47,5007,304,34,270,120,218,218,90,439,48,27,20,135,85,85,127
VTT,VTT05,144.22,-36.14,153,127,47,5007,304,34,270,120,218,218,90,439,48,27,20,135,85,85,127
VTT,VTT06,144.22,-36.14,153,127,47,5007,304,34,270,120,218,218,90,439,48,27,20,135,85,85,127
VTT,VTT08,144.22,-36.14,153,127,47,5007,304,34,270,120,218,218,90,439,48,27,20,135,85,85,127
VTT,VTT09,144.22,-36.14,153,127,47,5007,304,34,270,120,218,218,90,439,48,27,20,135,85,85,127
VTT,VTT10,144.22,-36.14,153,127,47,5007,304,34,270,120,218,218,90,439,48,27,20,135,85,85,127
VTT,VTT11,144.22,-36.14,153,127,47,5007,304,34,270,120,218,218,90,439,48,27,20,135,85,85,127
VTT,VTT12,144.22,-36.14,153,127,47,5007,304,34,270,120,218,218,90,439,48,27,20,135,85,85,127
VTT,VTT13,144.22,-36.14,153,127,47,5007,304,34,270,120,218,218,90,439,48,27,20,135,85,85,127
VTT,VTT14,144.22,-36.14,153,127,47,5007,304,34,270,120,218,218,90,439,48,27,20,135,85,85,127
VTT,VTT17,144.22,-36.14,153,127,47,5007,304,34,270,120,218,218,90,439,48,27,20,135,85,85,127
VTT,VTT18,144.22,-36.14,153,127,47,5007,304,34,270,120,218,218,90,439,48,27,20,135,85,85,127
VTT,VTT19,144.22,-36.14,153,127,47,5007,304,34,270,120,218,218,90,439,48,27,20,135,85,85,127
VTT,VTT20,144.22,-36.14,153,127,47,5007,304,34,270,120,218,218,90,439,48,27,20,135,85,85,127
VTT,VTT22,144.22,-36.14,153,127,47,5007,304,34,270,120,218,218,90,439,48,27,20,135,85,85,127
VTT,VTT23,144.22,-36.14,153,127,47,5007,304,34,270,120,218,218,90,439,48,27,20,135,85,85,127
VTT,VTT24,144.22,-36.14,153,127,47,5007,304,34,270,120,218,218,90,439,48,27,20,135,85,85,127
VTT,VTT25,144.22,-36.14,153,127,47,5007,304,34,270,120,218,218,90,439,48,27,20,135,85,85,127
VTT,VTT26,144.22,-36.14,153,127,47,5007,304,34,270,120,218,218,90,439,48,27,20,135,85,85,127
VTT,VTT28,144.22,-36.14,153,127,47,5007,304,34,270,120,218,218,90,439,48,27,20,135,85,85,127
VTT,VTT29,144.22,-36.14,153,127,47,5007,304,34,270,120,218,218,90,439,48,27,20,135,85,85,127
VWG,VWG01,144.36,-37.67,133,104,47,3894,255,38,217,105,183,183,83,609,64,41,14,181,129,129,147
VWG,VWG04B,144.36,-37.67,133,104,47,3894,255,38,217,105,183,183,83,609,64,41,14,181,129,129,147
VWG,VWG06B,144.36,-37.67,133,104,47,3894,255,38,217,105,183,183,83,609,64,41,14,181,129,129,147
VWG,VWG09,144.36,-37.67,133,104,47,3894,255,38,217,105,183,183,83,609,64,41,14,181,129,129,147
VWG,VWG13,144.36,-37.67,133,104,47,3894,255,38,217,105,183,183,83,609,64,41,14,181,129,129,147
VWG,VWG15,144.36,-37.67,133,104,47,3894,255,38,217,105,183,183,83,609,64,41,14,181,129,129,147
VWG,VWG18,144.36,-37.67,133,104,47,3894,255,38,217,105,183,183,83,609,64,41,14,181,129,129,147
VWG,VWG20,144.36,-37.67,133,104,47,3894,255,38,217,105,183,183,83,609,64,41,14,181,129,129,147
VWG,VWG21,144.36,-37.67,133,104,47,3894,255,38,217,105,183,183,83,609,64,41,14,181,129,129,147
VWG,VWG22,144.36,-37.67,133,104,47,3894,255,38,217,105,183,183,83,609,64,41,14,181,129,129,147
VWG,VWG23,144.36,-37.67,133,104,47,3894,255,38,217,105,183,183,83,609,64,41,14,181,129,129,147
VWG,VWG24B,144.36,-37.67,133,104,47,3894,255,38,217,105,183,183,83,609,64,41,14,181,129,129,147
VWG,VWG25,144.36,-37.67,133,104,47,3894,255,38,217,105,183,183,83,609,64,41,14,181,129,129,147
VWG,VWG26,144.36,-37.67,133,104,47,3894,255,38,217,105,183,183,83,609,64,41,14,181,129,129,147
VWG,VWG27,144.36,-37.67,133,104,47,3894,255,38,217,105,183,183,83,609,64,41,14,181,129,129,147
VWG,VWG28B,144.36,-37.67,133,104,47,3894,255,38,217,105,183,183,83,609,64,41,14,181,129,129,147
VWG,VWG29,144.36,-37.67,133,104,47,3894,255,38,217,105,183,183,83,609,64,41,14,181,129,129,147
VWG,VWG30,144.36,-37.67,133,104,47,3894,255,38,217,105,183,183,83,609,64,41,14,181,129,129,147
VWG,VWG31,144.36,-37.67,133,104,47,3894,255,38,217,105,183,183,83,609,64,41,14,181,129,129,147
VWG,VWG32B,144.36,-37.67,133,104,47,3894,255,38,217,105,183,183,83,609,64,41,14,181,129,129,147
VWG,VWG33,144.36,-37.67,133,104,47,3894,255,38,217,105,183,183,83,609,64,41,14,181,129,129,147
VWG,VWG34B,144.36,-37.67,133,104,47,3894,255,38,217,105,183,183,83,609,64,41,14,181,129,129,147
VWG,VWG35,144.36,-37.67,133,104,47,3894,255,38,217,105,183,183,83,609,64,41,14,181,129,129,147
VWG,VWG36B,144.36,-37.67,133,104,47,3894,255,38,217,105,183,183,83,609,64,41,14,181,129,129,147
VWG,VWG37,144.36,-37.67,133,104,47,3894,255,38,217,105,183,183,83,609,64,41,14,181,129,129,147
VWG,VWG38B,144.36,-37.67,133,104,47,3894,255,38,217,105,183,183,83,609,64,41,14,181,129,129,147
VWG,VWG39,144.36,-37.67,133,104,47,3894,255,38,217,105,183,183,83,609,64,41,14,181,129,129,147
VWG,VWG40,144.36,-37.67,133,104,47,3894,255,38,217,105,183,183,83,609,64,41,14,181,129,129,147
