Sample,Population,BIO1,BIO2,BIO3,BIO4,BIO5,BIO6,BIO7,BIO8,BIO9,BIO10,BIO11,BIO12,BIO13,BIO14,BIO15,BIO16,BIO17,BIO18,BIO19
EWN01,EWN,167,131,45,5614,321,34,287,235,132,239,95,617,69,37,15,174,140,174,140
EWN03,EWN,167,131,45,5614,321,34,287,235,132,239,95,617,69,37,15,174,140,174,140
EWN04,EWN,167,131,45,5614,321,34,287,235,132,239,95,617,69,37,15,174,140,174,140
EWN05,EWN,167,131,45,5614,321,34,287,235,132,239,95,617,69,37,15,174,140,174,140
EWN06,EWN,167,131,45,5614,321,34,287,235,132,239,95,617,69,37,15,174,140,174,140
EWN07,EWN,167,131,45,5614,321,34,287,235,132,239,95,617,69,37,15,174,140,174,140
EWN08,EWN,167,131,45,5614,321,34,287,235,132,239,95,617,69,37,15,174,140,174,140
EWN09,EWN,167,131,45,5614,321,34,287,235,132,239,95,617,69,37,15,174,140,174,140
EWN10,EWN,167,131,45,5614,321,34,287,235,132,239,95,617,69,37,15,174,140,174,140
EWV01,VMJ,151,128,48,4854,302,37,265,118,214,214,90,411,48,24,23,133,74,74,122
EWV03,VMJ,151,128,48,4854,302,37,265,118,214,214,90,411,48,24,23,133,74,74,122
EWV05,VMJ,151,128,48,4854,302,37,265,118,214,214,90,411,48,24,23,133,74,74,122
EWV06,VMJ,151,128,48,4854,302,37,265,118,214,214,90,411,48,24,23,133,74,74,122
EWV07,VMJ,151,128,48,4854,302,37,265,118,214,214,90,411,48,24,23,133,74,74,122
EWV08,VMJ,151,128,48,4854,302,37,265,118,214,214,90,411,48,24,23,133,74,74,122
EWV09,VMJ,151,128,48,4854,302,37,265,118,214,214,90,411,48,24,23,133,74,74,122
NAL01,NAL,177,132,45,5751,330,38,292,245,114,250,102,533,64,30,21,171,108,162,109
NAL02,NAL,177,132,45,5751,330,38,292,245,114,250,102,533,64,30,21,171,108,162,109
NAL03,NAL,177,132,45,5751,330,38,292,245,114,250,102,533,64,30,21,171,108,162,109
NAL04,NAL,177,132,45,5751,330,38,292,245,114,250,102,533,64,30,21,171,108,162,109
NAL05,NAL,177,132,45,5751,330,38,292,245,114,250,102,533,64,30,21,171,108,162,109
NAL06,NAL,177,132,45,5751,330,38,292,245,114,250,102,533,64,30,21,171,108,162,109
NAL07,NAL,177,132,45,5751,330,38,292,245,114,250,102,533,64,30,21,171,108,162,109
NAL08,NAL,177,132,45,5751,330,38,292,245,114,250,102,533,64,30,21,171,108,162,109
NAL09,NAL,177,132,45,5751,330,38,292,245,114,250,102,533,64,30,21,171,108,162,109
NAL11,NAL,177,132,45,5751,330,38,292,245,114,250,102,533,64,30,21,171,108,162,109
NAL13,NAL,177,132,45,5751,330,38,292,245,114,250,102,533,64,30,21,171,108,162,109
NAL14,NAL,177,132,45,5751,330,38,292,245,114,250,102,533,64,30,21,171,108,162,109
NAL16,NAL,177,132,45,5751,330,38,292,245,114,250,102,533,64,30,21,171,108,162,109
NAL17,NAL,177,132,45,5751,330,38,292,245,114,250,102,533,64,30,21,171,108,162,109
NAL18,NAL,177,132,45,5751,330,38,292,245,114,250,102,533,64,30,21,171,108,162,109
NAL19,NAL,177,132,45,5751,330,38,292,245,114,250,102,533,64,30,21,171,108,162,109
NAL21,NAL,177,132,45,5751,330,38,292,245,114,250,102,533,64,30,21,171,108,162,109
NAL24,NAL,177,132,45,5751,330,38,292,245,114,250,102,533,64,30,21,171,108,162,109
NAL28,NAL,177,132,45,5751,330,38,292,245,114,250,102,533,64,30,21,171,108,162,109
NAL29,NAL,177,132,45,5751,330,38,292,245,114,250,102,533,64,30,21,171,108,162,109
NAL30,NAL,177,132,45,5751,330,38,292,245,114,250,102,533,64,30,21,171,108,162,109
NBG01,NBG,174,130,45,5665,326,39,287,241,100,246,100,566,68,32,19,170,119,169,119
NBG03B,NBG,174,130,45,5665,326,39,287,241,100,246,100,566,68,32,19,170,119,169,119
NBG04,NBG,174,130,45,5665,326,39,287,241,100,246,100,566,68,32,19,170,119,169,119
NBG05B,NBG,174,130,45,5665,326,39,287,241,100,246,100,566,68,32,19,170,119,169,119
NBG06,NBG,174,130,45,5665,326,39,287,241,100,246,100,566,68,32,19,170,119,169,119
NBG07,NBG,174,130,45,5665,326,39,287,241,100,246,100,566,68,32,19,170,119,169,119
NBG08,NBG,174,130,45,5665,326,39,287,241,100,246,100,566,68,32,19,170,119,169,119
NBG09,NBG,174,130,45,5665,326,39,287,241,100,246,100,566,68,32,19,170,119,169,119
NBG10,NBG,174,130,45,5665,326,39,287,241,100,246,100,566,68,32,19,170,119,169,119
NBG11,NBG,174,130,45,5665,326,39,287,241,100,246,100,566,68,32,19,170,119,169,119
NBG12,NBG,174,130,45,5665,326,39,287,241,100,246,100,566,68,32,19,170,119,169,119
NBG13,NBG,174,130,45,5665,326,39,287,241,100,246,100,566,68,32,19,170,119,169,119
NBG14,NBG,174,130,45,5665,326,39,287,241,100,246,100,566,68,32,19,170,119,169,119
NBG15,NBG,174,130,45,5665,326,39,287,241,100,246,100,566,68,32,19,170,119,169,119
NBG16B,NBG,174,130,45,5665,326,39,287,241,100,246,100,566,68,32,19,170,119,169,119
NBG17,NBG,174,130,45,5665,326,39,287,241,100,246,100,566,68,32,19,170,119,169,119
NBG18B,NBG,174,130,45,5665,326,39,287,241,100,246,100,566,68,32,19,170,119,169,119
NBG19B,NBG,174,130,45,5665,326,39,287,241,100,246,100,566,68,32,19,170,119,169,119
NBG20,NBG,174,130,45,5665,326,39,287,241,100,246,100,566,68,32,19,170,119,169,119
NBG21,NBG,174,130,45,5665,326,39,287,241,100,246,100,566,68,32,19,170,119,169,119
NBG22,NBG,174,130,45,5665,326,39,287,241,100,246,100,566,68,32,19,170,119,169,119
NBG23B,NBG,174,130,45,5665,326,39,287,241,100,246,100,566,68,32,19,170,119,169,119
NBG24,NBG,174,130,45,5665,326,39,287,241,100,246,100,566,68,32,19,170,119,169,119
NBG25,NBG,174,130,45,5665,326,39,287,241,100,246,100,566,68,32,19,170,119,169,119
NBG26,NBG,174,130,45,5665,326,39,287,241,100,246,100,566,68,32,19,170,119,169,119
NBG27B,NBG,174,130,45,5665,326,39,287,241,100,246,100,566,68,32,19,170,119,169,119
NBG28,NBG,174,130,45,5665,326,39,287,241,100,246,100,566,68,32,19,170,119,169,119
NBG29,NBG,174,130,45,5665,326,39,287,241,100,246,100,566,68,32,19,170,119,169,119
NBG30,NBG,174,130,45,5665,326,39,287,241,100,246,100,566,68,32,19,170,119,169,119
NBJ01,NBJ,161,130,44,5659,321,31,290,122,231,234,89,514,54,33,15,151,108,112,136
NBJ02,NBJ,161,130,44,5659,321,31,290,122,231,234,89,514,54,33,15,151,108,112,136
NBJ03,NBJ,161,130,44,5659,321,31,290,122,231,234,89,514,54,33,15,151,108,112,136
NBJ05,NBJ,161,130,44,5659,321,31,290,122,231,234,89,514,54,33,15,151,108,112,136
NBJ06,NBJ,161,130,44,5659,321,31,290,122,231,234,89,514,54,33,15,151,108,112,136
NBJ07,NBJ,161,130,44,5659,321,31,290,122,231,234,89,514,54,33,15,151,108,112,136
NBJ08,NBJ,161,130,44,5659,321,31,290,122,231,234,89,514,54,33,15,151,108,112,136
NBJ09,NBJ,161,130,44,5659,321,31,290,122,231,234,89,514,54,33,15,151,108,112,136
NBJ11,NBJ,161,130,44,5659,321,31,290,122,231,234,89,514,54,33,15,151,108,112,136
NBJ12,NBJ,161,130,44,5659,321,31,290,122,231,234,89,514,54,33,15,151,108,112,136
NBJ13,NBJ,161,130,44,5659,321,31,290,122,231,234,89,514,54,33,15,151,108,112,136
NBJ15,NBJ,161,130,44,5659,321,31,290,122,231,234,89,514,54,33,15,151,108,112,136
NBJ16,NBJ,161,130,44,5659,321,31,290,122,231,234,89,514,54,33,15,151,108,112,136
NBJ17,NBJ,161,130,44,5659,321,31,290,122,231,234,89,514,54,33,15,151,108,112,136
NBJ20,NBJ,161,130,44,5659,321,31,290,122,231,234,89,514,54,33,15,151,108,112,136
NBJ22,NBJ,161,130,44,5659,321,31,290,122,231,234,89,514,54,33,15,151,108,112,136
NBJ24,NBJ,161,130,44,5659,321,31,290,122,231,234,89,514,54,33,15,151,108,112,136
NBJ25,NBJ,161,130,44,5659,321,31,290,122,231,234,89,514,54,33,15,151,108,112,136
NBJ28,NBJ,161,130,44,5659,321,31,290,122,231,234,89,514,54,33,15,151,108,112,136
NBJ29,NBJ,161,130,44,5659,321,31,290,122,231,234,89,514,54,33,15,151,108,112,136
NBJ30,NBJ,161,130,44,5659,321,31,290,122,231,234,89,514,54,33,15,151,108,112,136
NBY01,NBY,158,135,46,5603,315,25,290,226,123,230,86,693,73,45,14,189,158,187,167
NBY03,NBY,158,135,46,5603,315,25,290,226,123,230,86,693,73,45,14,189,158,187,167
NBY04,NBY,158,135,46,5603,315,25,290,226,123,230,86,693,73,45,14,189,158,187,167
NBY05,NBY,158,135,46,5603,315,25,290,226,123,230,86,693,73,45,14,189,158,187,167
NBY06,NBY,158,135,46,5603,315,25,290,226,123,230,86,693,73,45,14,189,158,187,167
NBY08,NBY,158,135,46,5603,315,25,290,226,123,230,86,693,73,45,14,189,158,187,167
NBY09,NBY,158,135,46,5603,315,25,290,226,123,230,86,693,73,45,14,189,158,187,167
NBY11,NBY,158,135,46,5603,315,25,290,226,123,230,86,693,73,45,14,189,158,187,167
NBY12,NBY,158,135,46,5603,315,25,290,226,123,230,86,693,73,45,14,189,158,187,167
NBY14,NBY,158,135,46,5603,315,25,290,226,123,230,86,693,73,45,14,189,158,187,167
NBY15,NBY,158,135,46,5603,315,25,290,226,123,230,86,693,73,45,14,189,158,187,167
NBY17,NBY,158,135,46,5603,315,25,290,226,123,230,86,693,73,45,14,189,158,187,167
NBY18,NBY,158,135,46,5603,315,25,290,226,123,230,86,693,73,45,14,189,158,187,167
NBY19,NBY,158,135,46,5603,315,25,290,226,123,230,86,693,73,45,14,189,158,187,167
NBY20,NBY,158,135,46,5603,315,25,290,226,123,230,86,693,73,45,14,189,158,187,167
NBY21,NBY,158,135,46,5603,315,25,290,226,123,230,86,693,73,45,14,189,158,187,167
NBY22,NBY,158,135,46,5603,315,25,290,226,123,230,86,693,73,45,14,189,158,187,167
NBY23,NBY,158,135,46,5603,315,25,290,226,123,230,86,693,73,45,14,189,158,187,167
NBY25,NBY,158,135,46,5603,315,25,290,226,123,230,86,693,73,45,14,189,158,187,167
NBY26,NBY,158,135,46,5603,315,25,290,226,123,230,86,693,73,45,14,189,158,187,167
NBY27,NBY,158,135,46,5603,315,25,290,226,123,230,86,693,73,45,14,189,158,187,167
NBY28,NBY,158,135,46,5603,315,25,290,226,123,230,86,693,73,45,14,189,158,187,167
NBY29,NBY,158,135,46,5603,315,25,290,226,123,230,86,693,73,45,14,189,158,187,167
NBY30,NBY,158,135,46,5603,315,25,290,226,123,230,86,693,73,45,14,189,158,187,167
NCB02B,NCB,163,132,46,5326,317,36,281,129,205,231,95,414,43,25,15,120,87,91,110
NCB03B,NCB,163,132,46,5326,317,36,281,129,205,231,95,414,43,25,15,120,87,91,110
NCB05,NCB,163,132,46,5326,317,36,281,129,205,231,95,414,43,25,15,120,87,91,110
NCB06,NCB,163,132,46,5326,317,36,281,129,205,231,95,414,43,25,15,120,87,91,110
NCB07,NCB,163,132,46,5326,317,36,281,129,205,231,95,414,43,25,15,120,87,91,110
NCB08,NCB,163,132,46,5326,317,36,281,129,205,231,95,414,43,25,15,120,87,91,110
NCB09B,NCB,163,132,46,5326,317,36,281,129,205,231,95,414,43,25,15,120,87,91,110
NCB10,NCB,163,132,46,5326,317,36,281,129,205,231,95,414,43,25,15,120,87,91,110
NCB11,NCB,163,132,46,5326,317,36,281,129,205,231,95,414,43,25,15,120,87,91,110
NCB12,NCB,163,132,46,5326,317,36,281,129,205,231,95,414,43,25,15,120,87,91,110
NCB13,NCB,163,132,46,5326,317,36,281,129,205,231,95,414,43,25,15,120,87,91,110
NCB14,NCB,163,132,46,5326,317,36,281,129,205,231,95,414,43,25,15,120,87,91,110
NCB15,NCB,163,132,46,5326,317,36,281,129,205,231,95,414,43,25,15,120,87,91,110
NCB16,NCB,163,132,46,5326,317,36,281,129,205,231,95,414,43,25,15,120,87,91,110
NCB17,NCB,163,132,46,5326,317,36,281,129,205,231,95,414,43,25,15,120,87,91,110
NCB18,NCB,163,132,46,5326,317,36,281,129,205,231,95,414,43,25,15,120,87,91,110
NCB19B,NCB,163,132,46,5326,317,36,281,129,205,231,95,414,43,25,15,120,87,91,110
NCB20,NCB,163,132,46,5326,317,36,281,129,205,231,95,414,43,25,15,120,87,91,110
NCB21,NCB,163,132,46,5326,317,36,281,129,205,231,95,414,43,25,15,120,87,91,110
NCB22B,NCB,163,132,46,5326,317,36,281,129,205,231,95,414,43,25,15,120,87,91,110
NCB23,NCB,163,132,46,5326,317,36,281,129,205,231,95,414,43,25,15,120,87,91,110
NCB24,NCB,163,132,46,5326,317,36,281,129,205,231,95,414,43,25,15,120,87,91,110
NCB25,NCB,163,132,46,5326,317,36,281,129,205,231,95,414,43,25,15,120,87,91,110
NCB27B,NCB,163,132,46,5326,317,36,281,129,205,231,95,414,43,25,15,120,87,91,110
NCB28,NCB,163,132,46,5326,317,36,281,129,205,231,95,414,43,25,15,120,87,91,110
NCB29,NCB,163,132,46,5326,317,36,281,129,205,231,95,414,43,25,15,120,87,91,110
NCB30B,NCB,163,132,46,5326,317,36,281,129,205,231,95,414,43,25,15,120,87,91,110
NCD02,NCD,176,131,44,5804,330,36,294,245,100,250,100,480,53,30,17,141,104,133,104
NCD03,NCD,176,131,44,5804,330,36,294,245,100,250,100,480,53,30,17,141,104,133,104
NCD04,NCD,176,131,44,5804,330,36,294,245,100,250,100,480,53,30,17,141,104,133,104
NCD07,NCD,176,131,44,5804,330,36,294,245,100,250,100,480,53,30,17,141,104,133,104
NCD08,NCD,176,131,44,5804,330,36,294,245,100,250,100,480,53,30,17,141,104,133,104
NCD10,NCD,176,131,44,5804,330,36,294,245,100,250,100,480,53,30,17,141,104,133,104
NCD11,NCD,176,131,44,5804,330,36,294,245,100,250,100,480,53,30,17,141,104,133,104
NCD13,NCD,176,131,44,5804,330,36,294,245,100,250,100,480,53,30,17,141,104,133,104
NCD16,NCD,176,131,44,5804,330,36,294,245,100,250,100,480,53,30,17,141,104,133,104
NCD18,NCD,176,131,44,5804,330,36,294,245,100,250,100,480,53,30,17,141,104,133,104
NCD19,NCD,176,131,44,5804,330,36,294,245,100,250,100,480,53,30,17,141,104,133,104
NCD20,NCD,176,131,44,5804,330,36,294,245,100,250,100,480,53,30,17,141,104,133,104
NCD21,NCD,176,131,44,5804,330,36,294,245,100,250,100,480,53,30,17,141,104,133,104
NCD22,NCD,176,131,44,5804,330,36,294,245,100,250,100,480,53,30,17,141,104,133,104
NCD23,NCD,176,131,44,5804,330,36,294,245,100,250,100,480,53,30,17,141,104,133,104
NCD25,NCD,176,131,44,5804,330,36,294,245,100,250,100,480,53,30,17,141,104,133,104
NCD26,NCD,176,131,44,5804,330,36,294,245,100,250,100,480,53,30,17,141,104,133,104
NCD27,NCD,176,131,44,5804,330,36,294,245,100,250,100,480,53,30,17,141,104,133,104
NCD29,NCD,176,131,44,5804,330,36,294,245,100,250,100,480,53,30,17,141,104,133,104
NCD30,NCD,176,131,44,5804,330,36,294,245,100,250,100,480,53,30,17,141,104,133,104
NCN01,NCN,157,132,45,5548,318,30,288,97,227,229,87,526,56,31,19,155,104,110,148
NCN02,NCN,157,132,45,5548,318,30,288,97,227,229,87,526,56,31,19,155,104,110,148
NCN04,NCN,157,132,45,5548,318,30,288,97,227,229,87,526,56,31,19,155,104,110,148
NCN08,NCN,157,132,45,5548,318,30,288,97,227,229,87,526,56,31,19,155,104,110,148
NCN09,NCN,157,132,45,5548,318,30,288,97,227,229,87,526,56,31,19,155,104,110,148
NCN10,NCN,157,132,45,5548,318,30,288,97,227,229,87,526,56,31,19,155,104,110,148
NCN11,NCN,157,132,45,5548,318,30,288,97,227,229,87,526,56,31,19,155,104,110,148
NCN12,NCN,157,132,45,5548,318,30,288,97,227,229,87,526,56,31,19,155,104,110,148
NCN13,NCN,157,132,45,5548,318,30,288,97,227,229,87,526,56,31,19,155,104,110,148
NCN14,NCN,157,132,45,5548,318,30,288,97,227,229,87,526,56,31,19,155,104,110,148
NCN15,NCN,157,132,45,5548,318,30,288,97,227,229,87,526,56,31,19,155,104,110,148
NCN16,NCN,157,132,45,5548,318,30,288,97,227,229,87,526,56,31,19,155,104,110,148
NCN17,NCN,157,132,45,5548,318,30,288,97,227,229,87,526,56,31,19,155,104,110,148
NCN18,NCN,157,132,45,5548,318,30,288,97,227,229,87,526,56,31,19,155,104,110,148
NCN20,NCN,157,132,45,5548,318,30,288,97,227,229,87,526,56,31,19,155,104,110,148
NCN21,NCN,157,132,45,5548,318,30,288,97,227,229,87,526,56,31,19,155,104,110,148
NCN22,NCN,157,132,45,5548,318,30,288,97,227,229,87,526,56,31,19,155,104,110,148
NCN24,NCN,157,132,45,5548,318,30,288,97,227,229,87,526,56,31,19,155,104,110,148
NCN25,NCN,157,132,45,5548,318,30,288,97,227,229,87,526,56,31,19,155,104,110,148
NCN26,NCN,157,132,45,5548,318,30,288,97,227,229,87,526,56,31,19,155,104,110,148
NCN27,NCN,157,132,45,5548,318,30,288,97,227,229,87,526,56,31,19,155,104,110,148
NCN28,NCN,157,132,45,5548,318,30,288,97,227,229,87,526,56,31,19,155,104,110,148
NCN29,NCN,157,132,45,5548,318,30,288,97,227,229,87,526,56,31,19,155,104,110,148
NCN30,NCN,157,132,45,5548,318,30,288,97,227,229,87,526,56,31,19,155,104,110,148
NCR01,NCR,148,141,47,5542,310,13,297,112,192,220,78,668,69,46,13,191,149,160,172
NCR02,NCR,148,141,47,5542,310,13,297,112,192,220,78,668,69,46,13,191,149,160,172
NCR07,NCR,148,141,47,5542,310,13,297,112,192,220,78,668,69,46,13,191,149,160,172
NCR08,NCR,148,141,47,5542,310,13,297,112,192,220,78,668,69,46,13,191,149,160,172
NCR15,NCR,148,141,47,5542,310,13,297,112,192,220,78,668,69,46,13,191,149,160,172
NCR16,NCR,148,141,47,5542,310,13,297,112,192,220,78,668,69,46,13,191,149,160,172
NCR19B,NCR,148,141,47,5542,310,13,297,112,192,220,78,668,69,46,13,191,149,160,172
NCR21,NCR,148,141,47,5542,310,13,297,112,192,220,78,668,69,46,13,191,149,160,172
NCR22B,NCR,148,141,47,5542,310,13,297,112,192,220,78,668,69,46,13,191,149,160,172
NCR23,NCR,148,141,47,5542,310,13,297,112,192,220,78,668,69,46,13,191,149,160,172
NCR24,NCR,148,141,47,5542,310,13,297,112,192,220,78,668,69,46,13,191,149,160,172
NCR25,NCR,148,141,47,5542,310,13,297,112,192,220,78,668,69,46,13,191,149,160,172
NCR26,NCR,148,141,47,5542,310,13,297,112,192,220,78,668,69,46,13,191,149,160,172
NCR27,NCR,148,141,47,5542,310,13,297,112,192,220,78,668,69,46,13,191,149,160,172
NCR28,NCR,148,141,47,5542,310,13,297,112,192,220,78,668,69,46,13,191,149,160,172
NCR29,NCR,148,141,47,5542,310,13,297,112,192,220,78,668,69,46,13,191,149,160,172
NCR30,NCR,148,141,47,5542,310,13,297,112,192,220,78,668,69,46,13,191,149,160,172
NCR31B,NCR,148,141,47,5542,310,13,297,112,192,220,78,668,69,46,13,191,149,160,172
NCR32,NCR,148,141,47,5542,310,13,297,112,192,220,78,668,69,46,13,191,149,160,172
NCR33,NCR,148,141,47,5542,310,13,297,112,192,220,78,668,69,46,13,191,149,160,172
NCR34,NCR,148,141,47,5542,310,13,297,112,192,220,78,668,69,46,13,191,149,160,172
NCR35,NCR,148,141,47,5542,310,13,297,112,192,220,78,668,69,46,13,191,149,160,172
NCR36,NCR,148,141,47,5542,310,13,297,112,192,220,78,668,69,46,13,191,149,160,172
NCR37B,NCR,148,141,47,5542,310,13,297,112,192,220,78,668,69,46,13,191,149,160,172
NCR38B,NCR,148,141,47,5542,310,13,297,112,192,220,78,668,69,46,13,191,149,160,172
NCR39,NCR,148,141,47,5542,310,13,297,112,192,220,78,668,69,46,13,191,149,160,172
NDU02,NDU,170,135,46,5621,321,29,292,236,97,241,97,656,74,41,17,198,144,192,144
NDU03,NDU,170,135,46,5621,321,29,292,236,97,241,97,656,74,41,17,198,144,192,144
NDU05,NDU,170,135,46,5621,321,29,292,236,97,241,97,656,74,41,17,198,144,192,144
NDU07,NDU,170,135,46,5621,321,29,292,236,97,241,97,656,74,41,17,198,144,192,144
NDU08,NDU,170,135,46,5621,321,29,292,236,97,241,97,656,74,41,17,198,144,192,144
NDU09,NDU,170,135,46,5621,321,29,292,236,97,241,97,656,74,41,17,198,144,192,144
NDU10,NDU,170,135,46,5621,321,29,292,236,97,241,97,656,74,41,17,198,144,192,144
NDU11,NDU,170,135,46,5621,321,29,292,236,97,241,97,656,74,41,17,198,144,192,144
NDU12,NDU,170,135,46,5621,321,29,292,236,97,241,97,656,74,41,17,198,144,192,144
NDU13,NDU,170,135,46,5621,321,29,292,236,97,241,97,656,74,41,17,198,144,192,144
NDU14,NDU,170,135,46,5621,321,29,292,236,97,241,97,656,74,41,17,198,144,192,144
NDU15,NDU,170,135,46,5621,321,29,292,236,97,241,97,656,74,41,17,198,144,192,144
NDU16,NDU,170,135,46,5621,321,29,292,236,97,241,97,656,74,41,17,198,144,192,144
NDU17,NDU,170,135,46,5621,321,29,292,236,97,241,97,656,74,41,17,198,144,192,144
NDU19,NDU,170,135,46,5621,321,29,292,236,97,241,97,656,74,41,17,198,144,192,144
NDU20,NDU,170,135,46,5621,321,29,292,236,97,241,97,656,74,41,17,198,144,192,144
NDU22,NDU,170,135,46,5621,321,29,292,236,97,241,97,656,74,41,17,198,144,192,144
NDU23,NDU,170,135,46,5621,321,29,292,236,97,241,97,656,74,41,17,198,144,192,144
NDU24,NDU,170,135,46,5621,321,29,292,236,97,241,97,656,74,41,17,198,144,192,144
NDU25,NDU,170,135,46,5621,321,29,292,236,97,241,97,656,74,41,17,198,144,192,144
NDU26,NDU,170,135,46,5621,321,29,292,236,97,241,97,656,74,41,17,198,144,192,144
NDU27,NDU,170,135,46,5621,321,29,292,236,97,241,97,656,74,41,17,198,144,192,144
NDU28,NDU,170,135,46,5621,321,29,292,236,97,241,97,656,74,41,17,198,144,192,144
NDU29,NDU,170,135,46,5621,321,29,292,236,97,241,97,656,74,41,17,198,144,192,144
NDU30,NDU,170,135,46,5621,321,29,292,236,97,241,97,656,74,41,17,198,144,192,144
NFN01,NFN,161,133,46,5359,317,34,283,126,204,230,93,462,51,26,17,132,95,98,122
NFN02,NFN,161,133,46,5359,317,34,283,126,204,230,93,462,51,26,17,132,95,98,122
NFN05,NFN,161,133,46,5359,317,34,283,126,204,230,93,462,51,26,17,132,95,98,122
NFN06,NFN,161,133,46,5359,317,34,283,126,204,230,93,462,51,26,17,132,95,98,122
NFN09,NFN,161,133,46,5359,317,34,283,126,204,230,93,462,51,26,17,132,95,98,122
NFN14,NFN,161,133,46,5359,317,34,283,126,204,230,93,462,51,26,17,132,95,98,122
NFN16,NFN,161,133,46,5359,317,34,283,126,204,230,93,462,51,26,17,132,95,98,122
NFN17,NFN,161,133,46,5359,317,34,283,126,204,230,93,462,51,26,17,132,95,98,122
NFN18,NFN,161,133,46,5359,317,34,283,126,204,230,93,462,51,26,17,132,95,98,122
NFN20,NFN,161,133,46,5359,317,34,283,126,204,230,93,462,51,26,17,132,95,98,122
NFN21,NFN,161,133,46,5359,317,34,283,126,204,230,93,462,51,26,17,132,95,98,122
NFN22,NFN,161,133,46,5359,317,34,283,126,204,230,93,462,51,26,17,132,95,98,122
NFN23,NFN,161,133,46,5359,317,34,283,126,204,230,93,462,51,26,17,132,95,98,122
NFN25,NFN,161,133,46,5359,317,34,283,126,204,230,93,462,51,26,17,132,95,98,122
NFN26,NFN,161,133,46,5359,317,34,283,126,204,230,93,462,51,26,17,132,95,98,122
NFN29,NFN,161,133,46,5359,317,34,283,126,204,230,93,462,51,26,17,132,95,98,122
NGR03,NGR,153,136,46,5651,314,21,293,116,197,227,82,670,69,46,12,188,157,158,171
NGR04,NGR,153,136,46,5651,314,21,293,116,197,227,82,670,69,46,12,188,157,158,171
NGR06,NGR,153,136,46,5651,314,21,293,116,197,227,82,670,69,46,12,188,157,158,171
NGR10,NGR,153,136,46,5651,314,21,293,116,197,227,82,670,69,46,12,188,157,158,171
NGR12,NGR,153,136,46,5651,314,21,293,116,197,227,82,670,69,46,12,188,157,158,171
NGR14,NGR,153,136,46,5651,314,21,293,116,197,227,82,670,69,46,12,188,157,158,171
NGR15,NGR,153,136,46,5651,314,21,293,116,197,227,82,670,69,46,12,188,157,158,171
NGR17,NGR,153,136,46,5651,314,21,293,116,197,227,82,670,69,46,12,188,157,158,171
NGR21,NGR,153,136,46,5651,314,21,293,116,197,227,82,670,69,46,12,188,157,158,171
NGR22,NGR,153,136,46,5651,314,21,293,116,197,227,82,670,69,46,12,188,157,158,171
NGR23,NGR,153,136,46,5651,314,21,293,116,197,227,82,670,69,46,12,188,157,158,171
NGR27,NGR,153,136,46,5651,314,21,293,116,197,227,82,670,69,46,12,188,157,158,171
NGR28,NGR,153,136,46,5651,314,21,293,116,197,227,82,670,69,46,12,188,157,158,171
NGR29,NGR,153,136,46,5651,314,21,293,116,197,227,82,670,69,46,12,188,157,158,171
NGR30,NGR,153,136,46,5651,314,21,293,116,197,227,82,670,69,46,12,188,157,158,171
NGR31,NGR,153,136,46,5651,314,21,293,116,197,227,82,670,69,46,12,188,157,158,171
NGR32,NGR,153,136,46,5651,314,21,293,116,197,227,82,670,69,46,12,188,157,158,171
NGR34,NGR,153,136,46,5651,314,21,293,116,197,227,82,670,69,46,12,188,157,158,171
NGR35,NGR,153,136,46,5651,314,21,293,116,197,227,82,670,69,46,12,188,157,158,171
NGR36,NGR,153,136,46,5651,314,21,293,116,197,227,82,670,69,46,12,188,157,158,171
NGR37,NGR,153,136,46,5651,314,21,293,116,197,227,82,670,69,46,12,188,157,158,171
NGR39,NGR,153,136,46,5651,314,21,293,116,197,227,82,670,69,46,12,188,157,158,171
NGR40,NGR,153,136,46,5651,314,21,293,116,197,227,82,670,69,46,12,188,157,158,171
NHI01,NHI,165,129,44,5734,319,31,288,169,91,239,91,503,53,31,14,137,116,121,116
NHI02,NHI,165,129,44,5734,319,31,288,169,91,239,91,503,53,31,14,137,116,121,116
NHI04,NHI,165,129,44,5734,319,31,288,169,91,239,91,503,53,31,14,137,116,121,116
NHI06,NHI,165,129,44,5734,319,31,288,169,91,239,91,503,53,31,14,137,116,121,116
NHI08,NHI,165,129,44,5734,319,31,288,169,91,239,91,503,53,31,14,137,116,121,116
NHI10,NHI,165,129,44,5734,319,31,288,169,91,239,91,503,53,31,14,137,116,121,116
NHI11,NHI,165,129,44,5734,319,31,288,169,91,239,91,503,53,31,14,137,116,121,116
NHI13,NHI,165,129,44,5734,319,31,288,169,91,239,91,503,53,31,14,137,116,121,116
NHI14,NHI,165,129,44,5734,319,31,288,169,91,239,91,503,53,31,14,137,116,121,116
NHI15,NHI,165,129,44,5734,319,31,288,169,91,239,91,503,53,31,14,137,116,121,116
NHI16,NHI,165,129,44,5734,319,31,288,169,91,239,91,503,53,31,14,137,116,121,116
NHI17,NHI,165,129,44,5734,319,31,288,169,91,239,91,503,53,31,14,137,116,121,116
NHI19,NHI,165,129,44,5734,319,31,288,169,91,239,91,503,53,31,14,137,116,121,116
NHI20,NHI,165,129,44,5734,319,31,288,169,91,239,91,503,53,31,14,137,116,121,116
NHI21,NHI,165,129,44,5734,319,31,288,169,91,239,91,503,53,31,14,137,116,121,116
NHI22,NHI,165,129,44,5734,319,31,288,169,91,239,91,503,53,31,14,137,116,121,116
NHI24,NHI,165,129,44,5734,319,31,288,169,91,239,91,503,53,31,14,137,116,121,116
NHI25,NHI,165,129,44,5734,319,31,288,169,91,239,91,503,53,31,14,137,116,121,116
NHI26,NHI,165,129,44,5734,319,31,288,169,91,239,91,503,53,31,14,137,116,121,116
NHI28,NHI,165,129,44,5734,319,31,288,169,91,239,91,503,53,31,14,137,116,121,116
NHI29,NHI,165,129,44,5734,319,31,288,169,91,239,91,503,53,31,14,137,116,121,116
NHI30,NHI,165,129,44,5734,319,31,288,169,91,239,91,503,53,31,14,137,116,121,116
NMV01,NMV,160,131,46,5233,314,35,279,126,227,227,93,417,43,24,16,122,86,86,114
NMV03,NMV,160,131,46,5233,314,35,279,126,227,227,93,417,43,24,16,122,86,86,114
NMV04,NMV,160,131,46,5233,314,35,279,126,227,227,93,417,43,24,16,122,86,86,114
NMV05,NMV,160,131,46,5233,314,35,279,126,227,227,93,417,43,24,16,122,86,86,114
NMV06,NMV,160,131,46,5233,314,35,279,126,227,227,93,417,43,24,16,122,86,86,114
NMV08,NMV,160,131,46,5233,314,35,279,126,227,227,93,417,43,24,16,122,86,86,114
NMV09,NMV,160,131,46,5233,314,35,279,126,227,227,93,417,43,24,16,122,86,86,114
NMV10,NMV,160,131,46,5233,314,35,279,126,227,227,93,417,43,24,16,122,86,86,114
NMV12,NMV,160,131,46,5233,314,35,279,126,227,227,93,417,43,24,16,122,86,86,114
NMV13,NMV,160,131,46,5233,314,35,279,126,227,227,93,417,43,24,16,122,86,86,114
NMV14,NMV,160,131,46,5233,314,35,279,126,227,227,93,417,43,24,16,122,86,86,114
NMV16,NMV,160,131,46,5233,314,35,279,126,227,227,93,417,43,24,16,122,86,86,114
NMV18,NMV,160,131,46,5233,314,35,279,126,227,227,93,417,43,24,16,122,86,86,114
NMV19,NMV,160,131,46,5233,314,35,279,126,227,227,93,417,43,24,16,122,86,86,114
NMV20,NMV,160,131,46,5233,314,35,279,126,227,227,93,417,43,24,16,122,86,86,114
NMV23,NMV,160,131,46,5233,314,35,279,126,227,227,93,417,43,24,16,122,86,86,114
NMV25,NMV,160,131,46,5233,314,35,279,126,227,227,93,417,43,24,16,122,86,86,114
NMV26,NMV,160,131,46,5233,314,35,279,126,227,227,93,417,43,24,16,122,86,86,114
NMV28,NMV,160,131,46,5233,314,35,279,126,227,227,93,417,43,24,16,122,86,86,114
NMV29,NMV,160,131,46,5233,314,35,279,126,227,227,93,417,43,24,16,122,86,86,114
NMV30,NMV,160,131,46,5233,314,35,279,126,227,227,93,417,43,24,16,122,86,86,114
NNA01,NNA,166,130,44,5690,323,34,289,127,236,239,93,460,47,31,15,131,98,99,119
NNA02,NNA,166,130,44,5690,323,34,289,127,236,239,93,460,47,31,15,131,98,99,119
NNA03,NNA,166,130,44,5690,323,34,289,127,236,239,93,460,47,31,15,131,98,99,119
NNA04,NNA,166,130,44,5690,323,34,289,127,236,239,93,460,47,31,15,131,98,99,119
NNA05,NNA,166,130,44,5690,323,34,289,127,236,239,93,460,47,31,15,131,98,99,119
NNA06,NNA,166,130,44,5690,323,34,289,127,236,239,93,460,47,31,15,131,98,99,119
NNA07,NNA,166,130,44,5690,323,34,289,127,236,239,93,460,47,31,15,131,98,99,119
NNA08,NNA,166,130,44,5690,323,34,289,127,236,239,93,460,47,31,15,131,98,99,119
NNA09,NNA,166,130,44,5690,323,34,289,127,236,239,93,460,47,31,15,131,98,99,119
NNA10,NNA,166,130,44,5690,323,34,289,127,236,239,93,460,47,31,15,131,98,99,119
NNA11,NNA,166,130,44,5690,323,34,289,127,236,239,93,460,47,31,15,131,98,99,119
NNA12,NNA,166,130,44,5690,323,34,289,127,236,239,93,460,47,31,15,131,98,99,119
NNA13,NNA,166,130,44,5690,323,34,289,127,236,239,93,460,47,31,15,131,98,99,119
NNA14,NNA,166,130,44,5690,323,34,289,127,236,239,93,460,47,31,15,131,98,99,119
NNA15,NNA,166,130,44,5690,323,34,289,127,236,239,93,460,47,31,15,131,98,99,119
NNA16,NNA,166,130,44,5690,323,34,289,127,236,239,93,460,47,31,15,131,98,99,119
NNA17,NNA,166,130,44,5690,323,34,289,127,236,239,93,460,47,31,15,131,98,99,119
NNA18,NNA,166,130,44,5690,323,34,289,127,236,239,93,460,47,31,15,131,98,99,119
NNA19,NNA,166,130,44,5690,323,34,289,127,236,239,93,460,47,31,15,131,98,99,119
NNA20,NNA,166,130,44,5690,323,34,289,127,236,239,93,460,47,31,15,131,98,99,119
NTA02,NTA,151,134,45,5583,313,20,293,114,221,224,80,677,71,38,17,201,138,138,190
NTA04,NTA,151,134,45,5583,313,20,293,114,221,224,80,677,71,38,17,201,138,138,190
NTA05,NTA,151,134,45,5583,313,20,293,114,221,224,80,677,71,38,17,201,138,138,190
NTA06,NTA,151,134,45,5583,313,20,293,114,221,224,80,677,71,38,17,201,138,138,190
NTA09,NTA,151,134,45,5583,313,20,293,114,221,224,80,677,71,38,17,201,138,138,190
NTA10,NTA,151,134,45,5583,313,20,293,114,221,224,80,677,71,38,17,201,138,138,190
NTA11,NTA,151,134,45,5583,313,20,293,114,221,224,80,677,71,38,17,201,138,138,190
NTA12,NTA,151,134,45,5583,313,20,293,114,221,224,80,677,71,38,17,201,138,138,190
NTA13,NTA,151,134,45,5583,313,20,293,114,221,224,80,677,71,38,17,201,138,138,190
NTA14,NTA,151,134,45,5583,313,20,293,114,221,224,80,677,71,38,17,201,138,138,190
NTA15,NTA,151,134,45,5583,313,20,293,114,221,224,80,677,71,38,17,201,138,138,190
NTA16,NTA,151,134,45,5583,313,20,293,114,221,224,80,677,71,38,17,201,138,138,190
NTA17,NTA,151,134,45,5583,313,20,293,114,221,224,80,677,71,38,17,201,138,138,190
NTA19,NTA,151,134,45,5583,313,20,293,114,221,224,80,677,71,38,17,201,138,138,190
NTA20,NTA,151,134,45,5583,313,20,293,114,221,224,80,677,71,38,17,201,138,138,190
NTA22,NTA,151,134,45,5583,313,20,293,114,221,224,80,677,71,38,17,201,138,138,190
NTA24,NTA,151,134,45,5583,313,20,293,114,221,224,80,677,71,38,17,201,138,138,190
NTA25,NTA,151,134,45,5583,313,20,293,114,221,224,80,677,71,38,17,201,138,138,190
NTR01,NTR,151,128,44,5642,310,24,286,89,222,224,79,632,65,36,20,189,123,126,182
NTR05,NTR,151,128,44,5642,310,24,286,89,222,224,79,632,65,36,20,189,123,126,182
NTR07,NTR,151,128,44,5642,310,24,286,89,222,224,79,632,65,36,20,189,123,126,182
NTR10,NTR,151,128,44,5642,310,24,286,89,222,224,79,632,65,36,20,189,123,126,182
NTR13,NTR,151,128,44,5642,310,24,286,89,222,224,79,632,65,36,20,189,123,126,182
NTR16,NTR,151,128,44,5642,310,24,286,89,222,224,79,632,65,36,20,189,123,126,182
NTR21,NTR,151,128,44,5642,310,24,286,89,222,224,79,632,65,36,20,189,123,126,182
NTR22,NTR,151,128,44,5642,310,24,286,89,222,224,79,632,65,36,20,189,123,126,182
NTR23,NTR,151,128,44,5642,310,24,286,89,222,224,79,632,65,36,20,189,123,126,182
NTR24,NTR,151,128,44,5642,310,24,286,89,222,224,79,632,65,36,20,189,123,126,182
NTR25,NTR,151,128,44,5642,310,24,286,89,222,224,79,632,65,36,20,189,123,126,182
NTR26,NTR,151,128,44,5642,310,24,286,89,222,224,79,632,65,36,20,189,123,126,182
NTR27,NTR,151,128,44,5642,310,24,286,89,222,224,79,632,65,36,20,189,123,126,182
NTR28,NTR,151,128,44,5642,310,24,286,89,222,224,79,632,65,36,20,189,123,126,182
NTR29,NTR,151,128,44,5642,310,24,286,89,222,224,79,632,65,36,20,189,123,126,182
NTR30,NTR,151,128,44,5642,310,24,286,89,222,224,79,632,65,36,20,189,123,126,182
NTR31,NTR,151,128,44,5642,310,24,286,89,222,224,79,632,65,36,20,189,123,126,182
NTR32,NTR,151,128,44,5642,310,24,286,89,222,224,79,632,65,36,20,189,123,126,182
NTR33,NTR,151,128,44,5642,310,24,286,89,222,224,79,632,65,36,20,189,123,126,182
NTR34,NTR,151,128,44,5642,310,24,286,89,222,224,79,632,65,36,20,189,123,126,182
NTR35,NTR,151,128,44,5642,310,24,286,89,222,224,79,632,65,36,20,189,123,126,182
NTR36,NTR,151,128,44,5642,310,24,286,89,222,224,79,632,65,36,20,189,123,126,182
NTR38,NTR,151,128,44,5642,310,24,286,89,222,224,79,632,65,36,20,189,123,126,182
NTR39,NTR,151,128,44,5642,310,24,286,89,222,224,79,632,65,36,20,189,123,126,182
NTR40,NTR,151,128,44,5642,310,24,286,89,222,224,79,632,65,36,20,189,123,126,182
VBU01,VBU,142,130,50,4370,290,33,257,87,198,198,87,500,60,26,30,166,79,79,166
VBU03,VBU,142,130,50,4370,290,33,257,87,198,198,87,500,60,26,30,166,79,79,166
VBU05,VBU,142,130,50,4370,290,33,257,87,198,198,87,500,60,26,30,166,79,79,166
VBU06,VBU,142,130,50,4370,290,33,257,87,198,198,87,500,60,26,30,166,79,79,166
VBU08,VBU,142,130,50,4370,290,33,257,87,198,198,87,500,60,26,30,166,79,79,166
VBU09B,VBU,142,130,50,4370,290,33,257,87,198,198,87,500,60,26,30,166,79,79,166
VBU11,VBU,142,130,50,4370,290,33,257,87,198,198,87,500,60,26,30,166,79,79,166
VBU12,VBU,142,130,50,4370,290,33,257,87,198,198,87,500,60,26,30,166,79,79,166
VBU13,VBU,142,130,50,4370,290,33,257,87,198,198,87,500,60,26,30,166,79,79,166
VBU14B,VBU,142,130,50,4370,290,33,257,87,198,198,87,500,60,26,30,166,79,79,166
VBU15,VBU,142,130,50,4370,290,33,257,87,198,198,87,500,60,26,30,166,79,79,166
VBU16,VBU,142,130,50,4370,290,33,257,87,198,198,87,500,60,26,30,166,79,79,166
VBU17,VBU,142,130,50,4370,290,33,257,87,198,198,87,500,60,26,30,166,79,79,166
VBU19,VBU,142,130,50,4370,290,33,257,87,198,198,87,500,60,26,30,166,79,79,166
VBU21,VBU,142,130,50,4370,290,33,257,87,198,198,87,500,60,26,30,166,79,79,166
VBU22B,VBU,142,130,50,4370,290,33,257,87,198,198,87,500,60,26,30,166,79,79,166
VBU24,VBU,142,130,50,4370,290,33,257,87,198,198,87,500,60,26,30,166,79,79,166
VBU25,VBU,142,130,50,4370,290,33,257,87,198,198,87,500,60,26,30,166,79,79,166
VBU26B,VBU,142,130,50,4370,290,33,257,87,198,198,87,500,60,26,30,166,79,79,166
VBU27,VBU,142,130,50,4370,290,33,257,87,198,198,87,500,60,26,30,166,79,79,166
VBU29,VBU,142,130,50,4370,290,33,257,87,198,198,87,500,60,26,30,166,79,79,166
VBU30,VBU,142,130,50,4370,290,33,257,87,198,198,87,500,60,26,30,166,79,79,166
VBU31B,VBU,142,130,50,4370,290,33,257,87,198,198,87,500,60,26,30,166,79,79,166
VBU32,VBU,142,130,50,4370,290,33,257,87,198,198,87,500,60,26,30,166,79,79,166
VBU34,VBU,142,130,50,4370,290,33,257,87,198,198,87,500,60,26,30,166,79,79,166
VBU35B,VBU,142,130,50,4370,290,33,257,87,198,198,87,500,60,26,30,166,79,79,166
VDB52D,VDB,150,121,45,5123,300,34,266,94,217,217,86,593,66,32,20,183,112,112,178
VDB54D,VDB,150,121,45,5123,300,34,266,94,217,217,86,593,66,32,20,183,112,112,178
VDB56D,VDB,150,121,45,5123,300,34,266,94,217,217,86,593,66,32,20,183,112,112,178
VDB58D,VDB,150,121,45,5123,300,34,266,94,217,217,86,593,66,32,20,183,112,112,178
VDB60D,VDB,150,121,45,5123,300,34,266,94,217,217,86,593,66,32,20,183,112,112,178
VDB61D,VDB,150,121,45,5123,300,34,266,94,217,217,86,593,66,32,20,183,112,112,178
VDB62D,VDB,150,121,45,5123,300,34,266,94,217,217,86,593,66,32,20,183,112,112,178
VDB63D,VDB,150,121,45,5123,300,34,266,94,217,217,86,593,66,32,20,183,112,112,178
VDB64D,VDB,150,121,45,5123,300,34,266,94,217,217,86,593,66,32,20,183,112,112,178
VDB65D,VDB,150,121,45,5123,300,34,266,94,217,217,86,593,66,32,20,183,112,112,178
VDB67D,VDB,150,121,45,5123,300,34,266,94,217,217,86,593,66,32,20,183,112,112,178
VDB69D,VDB,150,121,45,5123,300,34,266,94,217,217,86,593,66,32,20,183,112,112,178
VDB70D,VDB,150,121,45,5123,300,34,266,94,217,217,86,593,66,32,20,183,112,112,178
VDO01B,VDB,150,121,45,5123,300,34,266,94,217,217,86,593,66,32,20,183,112,112,178
VDO04B,VDB,150,121,45,5123,300,34,266,94,217,217,86,593,66,32,20,183,112,112,178
VDO07B,VDB,150,121,45,5123,300,34,266,94,217,217,86,593,66,32,20,183,112,112,178
VDO08,VDB,150,121,45,5123,300,34,266,94,217,217,86,593,66,32,20,183,112,112,178
VDO11B,VDB,150,121,45,5123,300,34,266,94,217,217,86,593,66,32,20,183,112,112,178
VDO13,VDB,150,121,45,5123,300,34,266,94,217,217,86,593,66,32,20,183,112,112,178
VDO14,VDB,150,121,45,5123,300,34,266,94,217,217,86,593,66,32,20,183,112,112,178
VDO15B,VDB,150,121,45,5123,300,34,266,94,217,217,86,593,66,32,20,183,112,112,178
VDO17B,VDB,150,121,45,5123,300,34,266,94,217,217,86,593,66,32,20,183,112,112,178
VDO18,VDB,150,121,45,5123,300,34,266,94,217,217,86,593,66,32,20,183,112,112,178
VDO20B,VDB,150,121,45,5123,300,34,266,94,217,217,86,593,66,32,20,183,112,112,178
VDO21,VDB,150,121,45,5123,300,34,266,94,217,217,86,593,66,32,20,183,112,112,178
VDO22,VDB,150,121,45,5123,300,34,266,94,217,217,86,593,66,32,20,183,112,112,178
VDO23B,VDB,150,121,45,5123,300,34,266,94,217,217,86,593,66,32,20,183,112,112,178
VDO24,VDB,150,121,45,5123,300,34,266,94,217,217,86,593,66,32,20,183,112,112,178
VDO26,VDB,150,121,45,5123,300,34,266,94,217,217,86,593,66,32,20,183,112,112,178
VDO27,VDB,150,121,45,5123,300,34,266,94,217,217,86,593,66,32,20,183,112,112,178
VDO28,VDB,150,121,45,5123,300,34,266,94,217,217,86,593,66,32,20,183,112,112,178
VDO29,VDB,150,121,45,5123,300,34,266,94,217,217,86,593,66,32,20,183,112,112,178
VDO30,VDB,150,121,45,5123,300,34,266,94,217,217,86,593,66,32,20,183,112,112,178
VGL01,VGL,135,124,48,4585,283,27,256,85,194,195,77,596,72,31,28,194,100,104,191
VGL02,VGL,135,124,48,4585,283,27,256,85,194,195,77,596,72,31,28,194,100,104,191
VGL03,VGL,135,124,48,4585,283,27,256,85,194,195,77,596,72,31,28,194,100,104,191
VGL04,VGL,135,124,48,4585,283,27,256,85,194,195,77,596,72,31,28,194,100,104,191
VGL05,VGL,135,124,48,4585,283,27,256,85,194,195,77,596,72,31,28,194,100,104,191
VGL07,VGL,135,124,48,4585,283,27,256,85,194,195,77,596,72,31,28,194,100,104,191
VGL08,VGL,135,124,48,4585,283,27,256,85,194,195,77,596,72,31,28,194,100,104,191
VGL09,VGL,135,124,48,4585,283,27,256,85,194,195,77,596,72,31,28,194,100,104,191
VGL10,VGL,135,124,48,4585,283,27,256,85,194,195,77,596,72,31,28,194,100,104,191
VGL11,VGL,135,124,48,4585,283,27,256,85,194,195,77,596,72,31,28,194,100,104,191
VGL12,VGL,135,124,48,4585,283,27,256,85,194,195,77,596,72,31,28,194,100,104,191
VGL13,VGL,135,124,48,4585,283,27,256,85,194,195,77,596,72,31,28,194,100,104,191
VGL14,VGL,135,124,48,4585,283,27,256,85,194,195,77,596,72,31,28,194,100,104,191
VGL16,VGL,135,124,48,4585,283,27,256,85,194,195,77,596,72,31,28,194,100,104,191
VGL17,VGL,135,124,48,4585,283,27,256,85,194,195,77,596,72,31,28,194,100,104,191
VGL18,VGL,135,124,48,4585,283,27,256,85,194,195,77,596,72,31,28,194,100,104,191
VGL19,VGL,135,124,48,4585,283,27,256,85,194,195,77,596,72,31,28,194,100,104,191
VGL20,VGL,135,124,48,4585,283,27,256,85,194,195,77,596,72,31,28,194,100,104,191
VGL22,VGL,135,124,48,4585,283,27,256,85,194,195,77,596,72,31,28,194,100,104,191
VGL24,VGL,135,124,48,4585,283,27,256,85,194,195,77,596,72,31,28,194,100,104,191
VGL26,VGL,135,124,48,4585,283,27,256,85,194,195,77,596,72,31,28,194,100,104,191
VGL27,VGL,135,124,48,4585,283,27,256,85,194,195,77,596,72,31,28,194,100,104,191
VGL28,VGL,135,124,48,4585,283,27,256,85,194,195,77,596,72,31,28,194,100,104,191
VGL29,VGL,135,124,48,4585,283,27,256,85,194,195,77,596,72,31,28,194,100,104,191
VGL30,VGL,135,124,48,4585,283,27,256,85,194,195,77,596,72,31,28,194,100,104,191
VMA01,VMA,140,132,51,4294,287,31,256,85,195,195,85,512,64,24,33,177,75,75,177
VMA03,VMA,140,132,51,4294,287,31,256,85,195,195,85,512,64,24,33,177,75,75,177
VMA05,VMA,140,132,51,4294,287,31,256,85,195,195,85,512,64,24,33,177,75,75,177
VMA08,VMA,140,132,51,4294,287,31,256,85,195,195,85,512,64,24,33,177,75,75,177
VMA09,VMA,140,132,51,4294,287,31,256,85,195,195,85,512,64,24,33,177,75,75,177
VMA10,VMA,140,132,51,4294,287,31,256,85,195,195,85,512,64,24,33,177,75,75,177
VMA12,VMA,140,132,51,4294,287,31,256,85,195,195,85,512,64,24,33,177,75,75,177
VMA13,VMA,140,132,51,4294,287,31,256,85,195,195,85,512,64,24,33,177,75,75,177
VMA14,VMA,140,132,51,4294,287,31,256,85,195,195,85,512,64,24,33,177,75,75,177
VMA15,VMA,140,132,51,4294,287,31,256,85,195,195,85,512,64,24,33,177,75,75,177
VMA18,VMA,140,132,51,4294,287,31,256,85,195,195,85,512,64,24,33,177,75,75,177
VMA19,VMA,140,132,51,4294,287,31,256,85,195,195,85,512,64,24,33,177,75,75,177
VMA20,VMA,140,132,51,4294,287,31,256,85,195,195,85,512,64,24,33,177,75,75,177
VMA21,VMA,140,132,51,4294,287,31,256,85,195,195,85,512,64,24,33,177,75,75,177
VMA23,VMA,140,132,51,4294,287,31,256,85,195,195,85,512,64,24,33,177,75,75,177
VMA24,VMA,140,132,51,4294,287,31,256,85,195,195,85,512,64,24,33,177,75,75,177
VMA25,VMA,140,132,51,4294,287,31,256,85,195,195,85,512,64,24,33,177,75,75,177
VMA26,VMA,140,132,51,4294,287,31,256,85,195,195,85,512,64,24,33,177,75,75,177
VMA28,VMA,140,132,51,4294,287,31,256,85,195,195,85,512,64,24,33,177,75,75,177
VMA29,VMA,140,132,51,4294,287,31,256,85,195,195,85,512,64,24,33,177,75,75,177
VMC01,VMC,146,122,47,4811,292,33,259,93,206,207,85,526,60,30,25,167,92,95,161
VMC04B,VMC,146,122,47,4811,292,33,259,93,206,207,85,526,60,30,25,167,92,95,161
VMC06,VMC,146,122,47,4811,292,33,259,93,206,207,85,526,60,30,25,167,92,95,161
VMC08,VMC,146,122,47,4811,292,33,259,93,206,207,85,526,60,30,25,167,92,95,161
VMC10B,VMC,146,122,47,4811,292,33,259,93,206,207,85,526,60,30,25,167,92,95,161
VMC12B,VMC,146,122,47,4811,292,33,259,93,206,207,85,526,60,30,25,167,92,95,161
VMC14,VMC,146,122,47,4811,292,33,259,93,206,207,85,526,60,30,25,167,92,95,161
VMC18,VMC,146,122,47,4811,292,33,259,93,206,207,85,526,60,30,25,167,92,95,161
VMC21,VMC,146,122,47,4811,292,33,259,93,206,207,85,526,60,30,25,167,92,95,161
VMC23,VMC,146,122,47,4811,292,33,259,93,206,207,85,526,60,30,25,167,92,95,161
VMC24,VMC,146,122,47,4811,292,33,259,93,206,207,85,526,60,30,25,167,92,95,161
VMC25,VMC,146,122,47,4811,292,33,259,93,206,207,85,526,60,30,25,167,92,95,161
VMC26B,VMC,146,122,47,4811,292,33,259,93,206,207,85,526,60,30,25,167,92,95,161
VMC27,VMC,146,122,47,4811,292,33,259,93,206,207,85,526,60,30,25,167,92,95,161
VMC28B,VMC,146,122,47,4811,292,33,259,93,206,207,85,526,60,30,25,167,92,95,161
VMC29,VMC,146,122,47,4811,292,33,259,93,206,207,85,526,60,30,25,167,92,95,161
VMC30,VMC,146,122,47,4811,292,33,259,93,206,207,85,526,60,30,25,167,92,95,161
VMC31,VMC,146,122,47,4811,292,33,259,93,206,207,85,526,60,30,25,167,92,95,161
VMC32,VMC,146,122,47,4811,292,33,259,93,206,207,85,526,60,30,25,167,92,95,161
VMC33B,VMC,146,122,47,4811,292,33,259,93,206,207,85,526,60,30,25,167,92,95,161
VMC34,VMC,146,122,47,4811,292,33,259,93,206,207,85,526,60,30,25,167,92,95,161
VMC35,VMC,146,122,47,4811,292,33,259,93,206,207,85,526,60,30,25,167,92,95,161
VMC36,VMC,146,122,47,4811,292,33,259,93,206,207,85,526,60,30,25,167,92,95,161
VMC37,VMC,146,122,47,4811,292,33,259,93,206,207,85,526,60,30,25,167,92,95,161
VMC38,VMC,146,122,47,4811,292,33,259,93,206,207,85,526,60,30,25,167,92,95,161
VMC39B,VMC,146,122,47,4811,292,33,259,93,206,207,85,526,60,30,25,167,92,95,161
VMC40,VMC,146,122,47,4811,292,33,259,93,206,207,85,526,60,30,25,167,92,95,161
VMJ01,VMJ,151,128,48,4854,302,37,265,118,214,214,90,411,48,24,23,133,74,74,122
VMJ03,VMJ,151,128,48,4854,302,37,265,118,214,214,90,411,48,24,23,133,74,74,122
VMJ05,VMJ,151,128,48,4854,302,37,265,118,214,214,90,411,48,24,23,133,74,74,122
VRH02,VRH,147,128,47,5099,302,30,272,92,212,213,83,688,80,34,24,222,121,123,220
VRH04,VRH,147,128,47,5099,302,30,272,92,212,213,83,688,80,34,24,222,121,123,220
VRH05,VRH,147,128,47,5099,302,30,272,92,212,213,83,688,80,34,24,222,121,123,220
VRH06,VRH,147,128,47,5099,302,30,272,92,212,213,83,688,80,34,24,222,121,123,220
VRH08,VRH,147,128,47,5099,302,30,272,92,212,213,83,688,80,34,24,222,121,123,220
VRH10,VRH,147,128,47,5099,302,30,272,92,212,213,83,688,80,34,24,222,121,123,220
VRH11,VRH,147,128,47,5099,302,30,272,92,212,213,83,688,80,34,24,222,121,123,220
VRH12,VRH,147,128,47,5099,302,30,272,92,212,213,83,688,80,34,24,222,121,123,220
VRH13,VRH,147,128,47,5099,302,30,272,92,212,213,83,688,80,34,24,222,121,123,220
VRH21,VRH,147,128,47,5099,302,30,272,92,212,213,83,688,80,34,24,222,121,123,220
VRH22,VRH,147,128,47,5099,302,30,272,92,212,213,83,688,80,34,24,222,121,123,220
VRH24,VRH,147,128,47,5099,302,30,272,92,212,213,83,688,80,34,24,222,121,123,220
VRH25,VRH,147,128,47,5099,302,30,272,92,212,213,83,688,80,34,24,222,121,123,220
VRH26,VRH,147,128,47,5099,302,30,272,92,212,213,83,688,80,34,24,222,121,123,220
VRH27,VRH,147,128,47,5099,302,30,272,92,212,213,83,688,80,34,24,222,121,123,220
VRH29,VRH,147,128,47,5099,302,30,272,92,212,213,83,688,80,34,24,222,121,123,220
VRH30,VRH,147,128,47,5099,302,30,272,92,212,213,83,688,80,34,24,222,121,123,220
VTT02,VTT,153,127,47,5007,304,34,270,120,218,218,90,439,48,27,20,135,85,85,127
VTT03,VTT,153,127,47,5007,304,34,270,120,218,218,90,439,48,27,20,135,85,85,127
VTT04,VTT,153,127,47,5007,304,34,270,120,218,218,90,439,48,27,20,135,85,85,127
VTT05,VTT,153,127,47,5007,304,34,270,120,218,218,90,439,48,27,20,135,85,85,127
VTT06,VTT,153,127,47,5007,304,34,270,120,218,218,90,439,48,27,20,135,85,85,127
VTT08,VTT,153,127,47,5007,304,34,270,120,218,218,90,439,48,27,20,135,85,85,127
VTT09,VTT,153,127,47,5007,304,34,270,120,218,218,90,439,48,27,20,135,85,85,127
VTT10,VTT,153,127,47,5007,304,34,270,120,218,218,90,439,48,27,20,135,85,85,127
VTT11,VTT,153,127,47,5007,304,34,270,120,218,218,90,439,48,27,20,135,85,85,127
VTT12,VTT,153,127,47,5007,304,34,270,120,218,218,90,439,48,27,20,135,85,85,127
VTT13,VTT,153,127,47,5007,304,34,270,120,218,218,90,439,48,27,20,135,85,85,127
VTT14,VTT,153,127,47,5007,304,34,270,120,218,218,90,439,48,27,20,135,85,85,127
VTT17,VTT,153,127,47,5007,304,34,270,120,218,218,90,439,48,27,20,135,85,85,127
VTT18,VTT,153,127,47,5007,304,34,270,120,218,218,90,439,48,27,20,135,85,85,127
VTT19,VTT,153,127,47,5007,304,34,270,120,218,218,90,439,48,27,20,135,85,85,127
VTT20,VTT,153,127,47,5007,304,34,270,120,218,218,90,439,48,27,20,135,85,85,127
VTT22,VTT,153,127,47,5007,304,34,270,120,218,218,90,439,48,27,20,135,85,85,127
VTT23,VTT,153,127,47,5007,304,34,270,120,218,218,90,439,48,27,20,135,85,85,127
VTT24,VTT,153,127,47,5007,304,34,270,120,218,218,90,439,48,27,20,135,85,85,127
VTT25,VTT,153,127,47,5007,304,34,270,120,218,218,90,439,48,27,20,135,85,85,127
VTT26,VTT,153,127,47,5007,304,34,270,120,218,218,90,439,48,27,20,135,85,85,127
VTT28,VTT,153,127,47,5007,304,34,270,120,218,218,90,439,48,27,20,135,85,85,127
VTT29,VTT,153,127,47,5007,304,34,270,120,218,218,90,439,48,27,20,135,85,85,127
VWG01,VWG,133,104,47,3894,255,38,217,105,183,183,83,609,64,41,14,181,129,129,147
VWG04B,VWG,133,104,47,3894,255,38,217,105,183,183,83,609,64,41,14,181,129,129,147
VWG06B,VWG,133,104,47,3894,255,38,217,105,183,183,83,609,64,41,14,181,129,129,147
VWG09,VWG,133,104,47,3894,255,38,217,105,183,183,83,609,64,41,14,181,129,129,147
VWG13,VWG,133,104,47,3894,255,38,217,105,183,183,83,609,64,41,14,181,129,129,147
VWG15,VWG,133,104,47,3894,255,38,217,105,183,183,83,609,64,41,14,181,129,129,147
VWG18,VWG,133,104,47,3894,255,38,217,105,183,183,83,609,64,41,14,181,129,129,147
VWG20,VWG,133,104,47,3894,255,38,217,105,183,183,83,609,64,41,14,181,129,129,147
VWG21,VWG,133,104,47,3894,255,38,217,105,183,183,83,609,64,41,14,181,129,129,147
VWG22,VWG,133,104,47,3894,255,38,217,105,183,183,83,609,64,41,14,181,129,129,147
VWG23,VWG,133,104,47,3894,255,38,217,105,183,183,83,609,64,41,14,181,129,129,147
VWG24B,VWG,133,104,47,3894,255,38,217,105,183,183,83,609,64,41,14,181,129,129,147
VWG25,VWG,133,104,47,3894,255,38,217,105,183,183,83,609,64,41,14,181,129,129,147
VWG26,VWG,133,104,47,3894,255,38,217,105,183,183,83,609,64,41,14,181,129,129,147
VWG27,VWG,133,104,47,3894,255,38,217,105,183,183,83,609,64,41,14,181,129,129,147
VWG28B,VWG,133,104,47,3894,255,38,217,105,183,183,83,609,64,41,14,181,129,129,147
VWG29,VWG,133,104,47,3894,255,38,217,105,183,183,83,609,64,41,14,181,129,129,147
VWG30,VWG,133,104,47,3894,255,38,217,105,183,183,83,609,64,41,14,181,129,129,147
VWG31,VWG,133,104,47,3894,255,38,217,105,183,183,83,609,64,41,14,181,129,129,147
VWG32B,VWG,133,104,47,3894,255,38,217,105,183,183,83,609,64,41,14,181,129,129,147
VWG33,VWG,133,104,47,3894,255,38,217,105,183,183,83,609,64,41,14,181,129,129,147
VWG34B,VWG,133,104,47,3894,255,38,217,105,183,183,83,609,64,41,14,181,129,129,147
VWG35,VWG,133,104,47,3894,255,38,217,105,183,183,83,609,64,41,14,181,129,129,147
VWG36B,VWG,133,104,47,3894,255,38,217,105,183,183,83,609,64,41,14,181,129,129,147
VWG37,VWG,133,104,47,3894,255,38,217,105,183,183,83,609,64,41,14,181,129,129,147
VWG38B,VWG,133,104,47,3894,255,38,217,105,183,183,83,609,64,41,14,181,129,129,147
VWG39,VWG,133,104,47,3894,255,38,217,105,183,183,83,609,64,41,14,181,129,129,147
VWG40,VWG,133,104,47,3894,255,38,217,105,183,183,83,609,64,41,14,181,129,129,147
